-- Departamento
INSERT INTO Departamento (nome_dept, Orcamento, Predio, chefe_ra) VALUES ('Computacao', 50000, 'Predio K', NULL);
INSERT INTO Departamento (nome_dept, Orcamento, Predio, chefe_ra) VALUES ('Engenharia', 30000, 'Predio J', NULL);
INSERT INTO Departamento (nome_dept, Orcamento, Predio, chefe_ra) VALUES ('Matematica', 40000, 'Predio I', NULL);
INSERT INTO Departamento (nome_dept, Orcamento, Predio, chefe_ra) VALUES ('Administracao', 15000, 'Predio A', NULL);
-- Professor
INSERT INTO Professor (RA, CPF, Nome, Email, Salario, nome_dept) VALUES ('RA001', '862.459.371-91', 'Nina Barbosa', 'nbarbosa@fei.com', 9611, 'Administracao');
INSERT INTO Professor (RA, CPF, Nome, Email, Salario, nome_dept) VALUES ('RA002', '903.421.568-70', 'Sr. Yan Barbosa', 'syan@fei.com', 5937, 'Administracao');
INSERT INTO Professor (RA, CPF, Nome, Email, Salario, nome_dept) VALUES ('RA003', '196.354.270-34', 'Caue da Cunha', 'cda@fei.com', 5433, 'Computacao');
INSERT INTO Professor (RA, CPF, Nome, Email, Salario, nome_dept) VALUES ('RA004', '956.783.201-30', 'Caroline Sousa', 'csousa@fei.com', 6124, 'Matematica');
INSERT INTO Professor (RA, CPF, Nome, Email, Salario, nome_dept) VALUES ('RA005', '945.867.130-20', 'Catarina Correia', 'ccorreia@fei.com', 8434, 'Computacao');
INSERT INTO Professor (RA, CPF, Nome, Email, Salario, nome_dept) VALUES ('RA006', '285.697.413-91', 'Raul Abreu', 'rabreu@fei.com', 8330, 'Matematica');
INSERT INTO Professor (RA, CPF, Nome, Email, Salario, nome_dept) VALUES ('RA007', '913.780.256-95', 'Rafaela Santos', 'rsantos@fei.com', 11064, 'Administracao');
INSERT INTO Professor (RA, CPF, Nome, Email, Salario, nome_dept) VALUES ('RA008', '713.809.456-66', 'Isabelly Campos', 'icampos@fei.com', 13588, 'Engenharia');
INSERT INTO Professor (RA, CPF, Nome, Email, Salario, nome_dept) VALUES ('RA009', '075.398.216-12', 'Joana Moraes', 'jmoraes@fei.com', 8228, 'Administracao');
INSERT INTO Professor (RA, CPF, Nome, Email, Salario, nome_dept) VALUES ('RA010', '248.301.957-97', 'Davi Miguel Souza', 'dmiguel@fei.com', 13579, 'Administracao');
INSERT INTO Professor (RA, CPF, Nome, Email, Salario, nome_dept) VALUES ('RA011', '735.840.192-14', 'Srta. Gabriela Mendes', 'sgabriela@fei.com', 11129, 'Administracao');
INSERT INTO Professor (RA, CPF, Nome, Email, Salario, nome_dept) VALUES ('RA012', '870.394.256-29', 'Sara Vargas', 'svargas@fei.com', 11044, 'Engenharia');
INSERT INTO Professor (RA, CPF, Nome, Email, Salario, nome_dept) VALUES ('RA013', '984.517.230-04', 'Jade Viana', 'jviana@fei.com', 9957, 'Administracao');
INSERT INTO Professor (RA, CPF, Nome, Email, Salario, nome_dept) VALUES ('RA014', '756.918.423-82', 'Lorena Lima', 'llima@fei.com', 4162, 'Matematica');
INSERT INTO Professor (RA, CPF, Nome, Email, Salario, nome_dept) VALUES ('RA015', '648.715.903-48', 'Bruna Vargas', 'bvargas@fei.com', 13404, 'Computacao');
INSERT INTO Professor (RA, CPF, Nome, Email, Salario, nome_dept) VALUES ('RA016', '280.567.493-65', 'Gabriela da Rocha', 'gda@fei.com', 5018, 'Computacao');
INSERT INTO Professor (RA, CPF, Nome, Email, Salario, nome_dept) VALUES ('RA017', '326.179.850-59', 'Breno Borges', 'bborges@fei.com', 11404, 'Administracao');
INSERT INTO Professor (RA, CPF, Nome, Email, Salario, nome_dept) VALUES ('RA018', '850.172.643-53', 'Lara Sampaio', 'lsampaio@fei.com', 11149, 'Computacao');
INSERT INTO Professor (RA, CPF, Nome, Email, Salario, nome_dept) VALUES ('RA019', '346.708.219-03', 'Joao Miguel Monteiro', 'jmiguel@fei.com', 7540, 'Matematica');
INSERT INTO Professor (RA, CPF, Nome, Email, Salario, nome_dept) VALUES ('RA020', '601.528.749-76', 'Isabela Garcia', 'igarcia@fei.com', 7751, 'Administracao');
INSERT INTO Professor (RA, CPF, Nome, Email, Salario, nome_dept) VALUES ('RA021', '306.941.582-24', 'Marcos Vinicius Correia', 'mvinicius@fei.com', 9266, 'Engenharia');
INSERT INTO Professor (RA, CPF, Nome, Email, Salario, nome_dept) VALUES ('RA022', '924.708.163-78', 'Leandro Siqueira', 'lsiqueira@fei.com', 14836, 'Matematica');
INSERT INTO Professor (RA, CPF, Nome, Email, Salario, nome_dept) VALUES ('RA023', '940.126.857-67', 'Benicio Sousa', 'bsousa@fei.com', 9027, 'Engenharia');
INSERT INTO Professor (RA, CPF, Nome, Email, Salario, nome_dept) VALUES ('RA024', '547.910.863-84', 'Sr. Thiago Martins', 'sthiago@fei.com', 7650, 'Engenharia');
INSERT INTO Professor (RA, CPF, Nome, Email, Salario, nome_dept) VALUES ('RA025', '813.274.905-79', 'Jade Lima', 'jlima@fei.com', 10065, 'Engenharia');
--depois que houverem professores, podemos referenciar alguns deles como chefe de departamento
UPDATE Departamento SET chefe_ra = 'RA003' WHERE nome_dept = 'Computacao';
UPDATE Departamento SET chefe_ra = 'RA025' WHERE nome_dept = 'Engenharia';
UPDATE Departamento SET chefe_ra = 'RA022' WHERE nome_dept = 'Matematica';
UPDATE Departamento SET chefe_ra = 'RA013' WHERE nome_dept = 'Administracao';
-- Curso
INSERT INTO Curso (curso_id, nome_curso, nome_dept) VALUES ('C001', 'Ciencia da Computacao', 'Computacao');
INSERT INTO Curso (curso_id, nome_curso, nome_dept) VALUES ('C002', 'Engenharia Mecanica', 'Engenharia');
INSERT INTO Curso (curso_id, nome_curso, nome_dept) VALUES ('C003', 'Engenharia de Producao', 'Engenharia');
INSERT INTO Curso (curso_id, nome_curso, nome_dept) VALUES ('C004', 'Administracao', 'Administracao');
INSERT INTO Curso (curso_id, nome_curso, nome_dept) VALUES ('C005', 'Matematica', 'Matematica');
INSERT INTO Curso (curso_id, nome_curso, nome_dept) VALUES ('C006', 'Engenharia Eletrica', 'Engenharia');
INSERT INTO Curso (curso_id, nome_curso, nome_dept) VALUES ('C007', 'Engenharia Civil', 'Engenharia');
INSERT INTO Curso (curso_id, nome_curso, nome_dept) VALUES ('C008', 'Engenharia Quimica', 'Engenharia');
INSERT INTO Curso (curso_id, nome_curso, nome_dept) VALUES ('C009', 'Engenharia de Controle e Automacao', 'Engenharia');
INSERT INTO Curso (curso_id, nome_curso, nome_dept) VALUES ('C010', 'Engenharia da Computacao', 'Computacao');
-- Aluno
INSERT INTO Aluno (RA, CPF, Nome, Email, curso_id) VALUES ('A0001', '694.830.157-66', 'Barbara Castro', 'bcastro@fei.com', 'C003');
INSERT INTO Aluno (RA, CPF, Nome, Email, curso_id) VALUES ('A0002', '240.159.783-23', 'Dra. Luisa Oliveira', 'dluisa@fei.com', 'C006');
INSERT INTO Aluno (RA, CPF, Nome, Email, curso_id) VALUES ('A0003', '568.970.134-39', 'Otto Pimenta', 'opimenta@fei.com', 'C005');
INSERT INTO Aluno (RA, CPF, Nome, Email, curso_id) VALUES ('A0004', '326.809.741-31', 'Brayan Novaes', 'bnovaes@fei.com', 'C002');
INSERT INTO Aluno (RA, CPF, Nome, Email, curso_id) VALUES ('A0005', '810.395.724-05', 'Srta. Ana Cecilia Pimenta', 'sana@fei.com', 'C009');
INSERT INTO Aluno (RA, CPF, Nome, Email, curso_id) VALUES ('A0006', '398.076.514-84', 'Valentina Moreira', 'vmoreira@fei.com', 'C008');
INSERT INTO Aluno (RA, CPF, Nome, Email, curso_id) VALUES ('A0007', '789.364.510-57', 'Dr. Eduardo Gomes', 'deduardo@fei.com', 'C007');
INSERT INTO Aluno (RA, CPF, Nome, Email, curso_id) VALUES ('A0008', '709.184.352-50', 'Isabella Costela', 'icostela@fei.com', 'C006');
INSERT INTO Aluno (RA, CPF, Nome, Email, curso_id) VALUES ('A0009', '563.209.874-56', 'Jade Sampaio', 'jsampaio@fei.com', 'C010');
INSERT INTO Aluno (RA, CPF, Nome, Email, curso_id) VALUES ('A0010', '798.134.025-04', 'Rafael Silva', 'rsilva@fei.com', 'C005');
INSERT INTO Aluno (RA, CPF, Nome, Email, curso_id) VALUES ('A0011', '809.657.423-00', 'Ana Liz Jesus', 'aliz@fei.com', 'C003');
INSERT INTO Aluno (RA, CPF, Nome, Email, curso_id) VALUES ('A0012', '734.958.216-19', 'Camila Silveira', 'csilveira@fei.com', 'C005');
INSERT INTO Aluno (RA, CPF, Nome, Email, curso_id) VALUES ('A0013', '581.796.240-30', 'Maria Luiza Vargas', 'mluiza@fei.com', 'C003');
INSERT INTO Aluno (RA, CPF, Nome, Email, curso_id) VALUES ('A0014', '629.058.741-20', 'Arthur Gabriel Ferreira', 'agabriel@fei.com', 'C007');
INSERT INTO Aluno (RA, CPF, Nome, Email, curso_id) VALUES ('A0015', '985.062.147-85', 'Sra. Leticia Santos', 'sleticia@fei.com', 'C008');
INSERT INTO Aluno (RA, CPF, Nome, Email, curso_id) VALUES ('A0016', '827.056.349-83', 'Henry Silveira', 'hsilveira@fei.com', 'C004');
INSERT INTO Aluno (RA, CPF, Nome, Email, curso_id) VALUES ('A0017', '453.781.206-08', 'Sra. Rafaela Sousa', 'srafaela@fei.com', 'C009');
INSERT INTO Aluno (RA, CPF, Nome, Email, curso_id) VALUES ('A0018', '235.679.481-64', 'Dra. Eduarda Pacheco', 'deduarda@fei.com', 'C003');
INSERT INTO Aluno (RA, CPF, Nome, Email, curso_id) VALUES ('A0019', '978.562.140-58', 'Ana Clara Porto', 'aclara@fei.com', 'C008');
INSERT INTO Aluno (RA, CPF, Nome, Email, curso_id) VALUES ('A0020', '546.832.071-17', 'Luana Montenegro', 'lmontenegro@fei.com', 'C010');
INSERT INTO Aluno (RA, CPF, Nome, Email, curso_id) VALUES ('A0021', '791.024.853-97', 'Augusto Rocha', 'arocha@fei.com', 'C002');
INSERT INTO Aluno (RA, CPF, Nome, Email, curso_id) VALUES ('A0022', '409.872.135-04', 'Benicio Cavalcante', 'bcavalcante@fei.com', 'C002');
INSERT INTO Aluno (RA, CPF, Nome, Email, curso_id) VALUES ('A0023', '305.712.689-86', 'Dr. Levi Cunha', 'dlevi@fei.com', 'C003');
INSERT INTO Aluno (RA, CPF, Nome, Email, curso_id) VALUES ('A0024', '310.276.945-43', 'Theo das Neves', 'tdas@fei.com', 'C010');
INSERT INTO Aluno (RA, CPF, Nome, Email, curso_id) VALUES ('A0025', '802.395.761-95', 'Maria Laura Pinto', 'mlaura@fei.com', 'C001');
INSERT INTO Aluno (RA, CPF, Nome, Email, curso_id) VALUES ('A0026', '059.426.713-70', 'Vinicius Dias', 'vdias@fei.com', 'C002');
INSERT INTO Aluno (RA, CPF, Nome, Email, curso_id) VALUES ('A0027', '805.423.167-90', 'Gabriela Vasconcelos', 'gvasconcelos@fei.com', 'C005');
INSERT INTO Aluno (RA, CPF, Nome, Email, curso_id) VALUES ('A0028', '436.981.057-48', 'Brenda Duarte', 'bduarte@fei.com', 'C009');
INSERT INTO Aluno (RA, CPF, Nome, Email, curso_id) VALUES ('A0029', '518.243.690-42', 'Cecilia Sa', 'csa@fei.com', 'C008');
INSERT INTO Aluno (RA, CPF, Nome, Email, curso_id) VALUES ('A0030', '192.760.385-40', 'Ian Novaes', 'inovaes@fei.com', 'C001');
INSERT INTO Aluno (RA, CPF, Nome, Email, curso_id) VALUES ('A0031', '903.768.254-56', 'Guilherme da Mata', 'gda@fei.com', 'C004');
INSERT INTO Aluno (RA, CPF, Nome, Email, curso_id) VALUES ('A0032', '349.156.287-28', 'Joaquim Abreu', 'jabreu@fei.com', 'C002');
INSERT INTO Aluno (RA, CPF, Nome, Email, curso_id) VALUES ('A0033', '710.238.694-03', 'Isaac Azevedo', 'iazevedo@fei.com', 'C007');
INSERT INTO Aluno (RA, CPF, Nome, Email, curso_id) VALUES ('A0034', '564.873.129-91', 'Dr. Davi Miguel Leao', 'ddavi@fei.com', 'C007');
INSERT INTO Aluno (RA, CPF, Nome, Email, curso_id) VALUES ('A0035', '908.234.176-03', 'Lucas Gabriel Porto', 'lgabriel@fei.com', 'C008');
INSERT INTO Aluno (RA, CPF, Nome, Email, curso_id) VALUES ('A0036', '409.612.753-16', 'Isis Novaes', 'inovaes@fei.com', 'C007');
INSERT INTO Aluno (RA, CPF, Nome, Email, curso_id) VALUES ('A0037', '235.918.407-50', 'Dra. Sofia da Conceicao', 'dsofia@fei.com', 'C001');
INSERT INTO Aluno (RA, CPF, Nome, Email, curso_id) VALUES ('A0038', '492.867.150-30', 'Carlos Eduardo Mendes', 'ceduardo@fei.com', 'C005');
INSERT INTO Aluno (RA, CPF, Nome, Email, curso_id) VALUES ('A0039', '280.145.637-35', 'Ana Beatriz Lima', 'abeatriz@fei.com', 'C004');
INSERT INTO Aluno (RA, CPF, Nome, Email, curso_id) VALUES ('A0040', '815.693.420-24', 'Emanuel Freitas', 'efreitas@fei.com', 'C008');
INSERT INTO Aluno (RA, CPF, Nome, Email, curso_id) VALUES ('A0041', '542.367.890-00', 'Maria Julia Brito', 'mjulia@fei.com', 'C010');
INSERT INTO Aluno (RA, CPF, Nome, Email, curso_id) VALUES ('A0042', '596.840.327-65', 'Kevin Souza', 'ksouza@fei.com', 'C007');
INSERT INTO Aluno (RA, CPF, Nome, Email, curso_id) VALUES ('A0043', '793.185.642-28', 'Dra. Eloah Leao', 'deloah@fei.com', 'C001');
INSERT INTO Aluno (RA, CPF, Nome, Email, curso_id) VALUES ('A0044', '340.168.729-87', 'Danilo Fonseca', 'dfonseca@fei.com', 'C010');
INSERT INTO Aluno (RA, CPF, Nome, Email, curso_id) VALUES ('A0045', '897.041.325-14', 'Joao Pedro Nunes', 'jpedro@fei.com', 'C003');
INSERT INTO Aluno (RA, CPF, Nome, Email, curso_id) VALUES ('A0046', '031.957.846-10', 'Dra. Isabel Farias', 'disabel@fei.com', 'C004');
INSERT INTO Aluno (RA, CPF, Nome, Email, curso_id) VALUES ('A0047', '416.975.283-09', 'Eduardo Caldeira', 'ecaldeira@fei.com', 'C009');
INSERT INTO Aluno (RA, CPF, Nome, Email, curso_id) VALUES ('A0048', '394.015.768-66', 'Dr. Josue Cunha', 'djosue@fei.com', 'C010');
INSERT INTO Aluno (RA, CPF, Nome, Email, curso_id) VALUES ('A0049', '504.129.786-01', 'Cecilia Carvalho', 'ccarvalho@fei.com', 'C002');
INSERT INTO Aluno (RA, CPF, Nome, Email, curso_id) VALUES ('A0050', '108.362.957-30', 'Lara Sousa', 'lsousa@fei.com', 'C001');
INSERT INTO Aluno (RA, CPF, Nome, Email, curso_id) VALUES ('A0051', '234.197.508-97', 'Vitor Costela', 'vcostela@fei.com', 'C002');
INSERT INTO Aluno (RA, CPF, Nome, Email, curso_id) VALUES ('A0052', '923.401.675-07', 'Luna Nascimento', 'lnascimento@fei.com', 'C003');
INSERT INTO Aluno (RA, CPF, Nome, Email, curso_id) VALUES ('A0053', '230.148.769-50', 'Ana Cecilia Jesus', 'acecilia@fei.com', 'C008');
INSERT INTO Aluno (RA, CPF, Nome, Email, curso_id) VALUES ('A0054', '453.017.289-97', 'Joana Brito', 'jbrito@fei.com', 'C002');
INSERT INTO Aluno (RA, CPF, Nome, Email, curso_id) VALUES ('A0055', '589.174.603-48', 'Manuella da Cunha', 'mda@fei.com', 'C004');
INSERT INTO Aluno (RA, CPF, Nome, Email, curso_id) VALUES ('A0056', '012.853.497-41', 'Arthur Miguel Pereira', 'amiguel@fei.com', 'C001');
INSERT INTO Aluno (RA, CPF, Nome, Email, curso_id) VALUES ('A0057', '490.263.715-43', 'Allana Gomes', 'agomes@fei.com', 'C003');
INSERT INTO Aluno (RA, CPF, Nome, Email, curso_id) VALUES ('A0058', '904.628.731-96', 'Luiz Fernando Sales', 'lfernando@fei.com', 'C008');
INSERT INTO Aluno (RA, CPF, Nome, Email, curso_id) VALUES ('A0059', '934.082.651-51', 'Ana Sophia Camara', 'asophia@fei.com', 'C005');
INSERT INTO Aluno (RA, CPF, Nome, Email, curso_id) VALUES ('A0060', '659.037.812-68', 'Isabel Aragao', 'iaragao@fei.com', 'C002');
INSERT INTO Aluno (RA, CPF, Nome, Email, curso_id) VALUES ('A0061', '614.792.503-25', 'Luiz Gustavo Guerra', 'lgustavo@fei.com', 'C002');
INSERT INTO Aluno (RA, CPF, Nome, Email, curso_id) VALUES ('A0062', '589.213.607-86', 'Emanuel Novaes', 'enovaes@fei.com', 'C004');
INSERT INTO Aluno (RA, CPF, Nome, Email, curso_id) VALUES ('A0063', '158.920.637-12', 'Dr. Benicio da Costa', 'dbenicio@fei.com', 'C007');
INSERT INTO Aluno (RA, CPF, Nome, Email, curso_id) VALUES ('A0064', '042.785.196-30', 'Yasmin Carvalho', 'ycarvalho@fei.com', 'C002');
INSERT INTO Aluno (RA, CPF, Nome, Email, curso_id) VALUES ('A0065', '368.401.295-51', 'Ravi Lucca Farias', 'rlucca@fei.com', 'C010');
INSERT INTO Aluno (RA, CPF, Nome, Email, curso_id) VALUES ('A0066', '754.639.201-25', 'Daniel Melo', 'dmelo@fei.com', 'C007');
INSERT INTO Aluno (RA, CPF, Nome, Email, curso_id) VALUES ('A0067', '974.532.801-41', 'Mariane Lima', 'mlima@fei.com', 'C001');
INSERT INTO Aluno (RA, CPF, Nome, Email, curso_id) VALUES ('A0068', '159.024.683-70', 'Eloah Marques', 'emarques@fei.com', 'C009');
INSERT INTO Aluno (RA, CPF, Nome, Email, curso_id) VALUES ('A0069', '673.219.485-28', 'Yago Souza', 'ysouza@fei.com', 'C009');
INSERT INTO Aluno (RA, CPF, Nome, Email, curso_id) VALUES ('A0070', '324.751.089-32', 'Dr. Theo Novaes', 'dtheo@fei.com', 'C003');
INSERT INTO Aluno (RA, CPF, Nome, Email, curso_id) VALUES ('A0071', '597.361.204-06', 'Olivia da Luz', 'oda@fei.com', 'C009');
INSERT INTO Aluno (RA, CPF, Nome, Email, curso_id) VALUES ('A0072', '708.469.251-76', 'Pedro Miguel Oliveira', 'pmiguel@fei.com', 'C002');
INSERT INTO Aluno (RA, CPF, Nome, Email, curso_id) VALUES ('A0073', '268.957.014-94', 'Marina Fogaca', 'mfogaca@fei.com', 'C003');
INSERT INTO Aluno (RA, CPF, Nome, Email, curso_id) VALUES ('A0074', '098.213.745-14', 'Marcela Fonseca', 'mfonseca@fei.com', 'C004');
INSERT INTO Aluno (RA, CPF, Nome, Email, curso_id) VALUES ('A0075', '860.597.142-85', 'Maria Clara Camargo', 'mclara@fei.com', 'C002');
INSERT INTO Aluno (RA, CPF, Nome, Email, curso_id) VALUES ('A0076', '568.192.470-01', 'Maria Vitoria Pereira', 'mvitoria@fei.com', 'C009');
INSERT INTO Aluno (RA, CPF, Nome, Email, curso_id) VALUES ('A0077', '156.973.204-34', 'Nicolas Cardoso', 'ncardoso@fei.com', 'C001');
INSERT INTO Aluno (RA, CPF, Nome, Email, curso_id) VALUES ('A0078', '820.145.769-20', 'Srta. Ana Beatriz das Neves', 'sana@fei.com', 'C010');
INSERT INTO Aluno (RA, CPF, Nome, Email, curso_id) VALUES ('A0079', '819.652.734-91', 'Thomas Siqueira', 'tsiqueira@fei.com', 'C003');
INSERT INTO Aluno (RA, CPF, Nome, Email, curso_id) VALUES ('A0080', '301.894.756-84', 'Lucas Aparecida', 'laparecida@fei.com', 'C010');
INSERT INTO Aluno (RA, CPF, Nome, Email, curso_id) VALUES ('A0081', '793.825.460-65', 'Dr. Anthony Nunes', 'danthony@fei.com', 'C004');
INSERT INTO Aluno (RA, CPF, Nome, Email, curso_id) VALUES ('A0082', '025.619.387-86', 'Pedro Miguel das Neves', 'pmiguel@fei.com', 'C001');
INSERT INTO Aluno (RA, CPF, Nome, Email, curso_id) VALUES ('A0083', '689.752.014-49', 'Sra. Emanuella Dias', 'semanuella@fei.com', 'C008');
INSERT INTO Aluno (RA, CPF, Nome, Email, curso_id) VALUES ('A0084', '127.364.059-43', 'Dante Santos', 'dsantos@fei.com', 'C003');
INSERT INTO Aluno (RA, CPF, Nome, Email, curso_id) VALUES ('A0085', '264.571.830-26', 'Enzo Gabriel Pinto', 'egabriel@fei.com', 'C007');
INSERT INTO Aluno (RA, CPF, Nome, Email, curso_id) VALUES ('A0086', '601.792.853-86', 'Alexandre da Mota', 'ada@fei.com', 'C005');
INSERT INTO Aluno (RA, CPF, Nome, Email, curso_id) VALUES ('A0087', '371.892.560-59', 'Benicio Duarte', 'bduarte@fei.com', 'C009');
INSERT INTO Aluno (RA, CPF, Nome, Email, curso_id) VALUES ('A0088', '670.941.285-76', 'Joao Felipe Lopes', 'jfelipe@fei.com', 'C005');
INSERT INTO Aluno (RA, CPF, Nome, Email, curso_id) VALUES ('A0089', '947.103.286-50', 'Henry Martins', 'hmartins@fei.com', 'C002');
INSERT INTO Aluno (RA, CPF, Nome, Email, curso_id) VALUES ('A0090', '245.068.139-60', 'Dr. Leandro Barbosa', 'dleandro@fei.com', 'C004');
INSERT INTO Aluno (RA, CPF, Nome, Email, curso_id) VALUES ('A0091', '725.963.408-10', 'Maria Julia Cunha', 'mjulia@fei.com', 'C007');
INSERT INTO Aluno (RA, CPF, Nome, Email, curso_id) VALUES ('A0092', '271.693.485-19', 'Dr. Caua Machado', 'dcaua@fei.com', 'C006');
INSERT INTO Aluno (RA, CPF, Nome, Email, curso_id) VALUES ('A0093', '064.831.592-42', 'Ravy Duarte', 'rduarte@fei.com', 'C004');
INSERT INTO Aluno (RA, CPF, Nome, Email, curso_id) VALUES ('A0094', '640.318.592-60', 'Diogo Oliveira', 'doliveira@fei.com', 'C010');
INSERT INTO Aluno (RA, CPF, Nome, Email, curso_id) VALUES ('A0095', '610.978.534-20', 'Kevin Aragao', 'karagao@fei.com', 'C007');
INSERT INTO Aluno (RA, CPF, Nome, Email, curso_id) VALUES ('A0096', '509.627.138-21', 'Bernardo Almeida', 'balmeida@fei.com', 'C005');
INSERT INTO Aluno (RA, CPF, Nome, Email, curso_id) VALUES ('A0097', '528.674.930-56', 'Bento Machado', 'bmachado@fei.com', 'C005');
INSERT INTO Aluno (RA, CPF, Nome, Email, curso_id) VALUES ('A0098', '704.952.316-06', 'Paulo Barbosa', 'pbarbosa@fei.com', 'C009');
INSERT INTO Aluno (RA, CPF, Nome, Email, curso_id) VALUES ('A0099', '824.597.130-88', 'Lucas Cassiano', 'lcassiano@fei.com', 'C005');
INSERT INTO Aluno (RA, CPF, Nome, Email, curso_id) VALUES ('A0100', '805.169.427-94', 'Sr. Juan Silva', 'sjuan@fei.com', 'C002');
-- Matéria
INSERT INTO Materia (materia_id, nome_materia, nome_dept, curso_id) VALUES ('M1001', 'Banco de Dados', 'Computacao', 'C001');
INSERT INTO Materia (materia_id, nome_materia, nome_dept, curso_id) VALUES ('M1002', 'Calculo I', 'Matematica', 'C005');
INSERT INTO Materia (materia_id, nome_materia, nome_dept, curso_id) VALUES ('M1003', 'Engenharia de Software', 'Computacao', 'C001');
INSERT INTO Materia (materia_id, nome_materia, nome_dept, curso_id) VALUES ('M1004', 'Algebra Linear', 'Matematica', 'C005');
INSERT INTO Materia (materia_id, nome_materia, nome_dept, curso_id) VALUES ('M1005', 'Logistica', 'Administracao', 'C004');
INSERT INTO Materia (materia_id, nome_materia, nome_dept, curso_id) VALUES ('M1006', 'Controle e Automacao', 'Engenharia', 'C002');
INSERT INTO Materia (materia_id, nome_materia, nome_dept, curso_id) VALUES ('M1007', 'Programacao I', 'Computacao', 'C010');
INSERT INTO Materia (materia_id, nome_materia, nome_dept, curso_id) VALUES ('M1008', 'Programacao II', 'Computacao', 'C001');
INSERT INTO Materia (materia_id, nome_materia, nome_dept, curso_id) VALUES ('M1009', 'Fisica I', 'Engenharia', 'C002');
INSERT INTO Materia (materia_id, nome_materia, nome_dept, curso_id) VALUES ('M1010', 'Fisica II', 'Engenharia', 'C002');
INSERT INTO Materia (materia_id, nome_materia, nome_dept, curso_id) VALUES ('M1011', 'Quimica Geral', 'Engenharia', 'C008');
INSERT INTO Materia (materia_id, nome_materia, nome_dept, curso_id) VALUES ('M1012', 'Termodinamica', 'Engenharia', 'C006');
INSERT INTO Materia (materia_id, nome_materia, nome_dept, curso_id) VALUES ('M1013', 'Resistencia dos Materiais', 'Engenharia', 'C007');
INSERT INTO Materia (materia_id, nome_materia, nome_dept, curso_id) VALUES ('M1014', 'Mecanica dos Fluidos', 'Engenharia', 'C009');
INSERT INTO Materia (materia_id, nome_materia, nome_dept, curso_id) VALUES ('M1015', 'Redes de Computadores', 'Computacao', 'C010');
-- Matriz Curricular
INSERT INTO MatrizCurricular (curso_id, materia_id) VALUES ('C001', 'M1007');
INSERT INTO MatrizCurricular (curso_id, materia_id) VALUES ('C001', 'M1008');
INSERT INTO MatrizCurricular (curso_id, materia_id) VALUES ('C001', 'M1004');
INSERT INTO MatrizCurricular (curso_id, materia_id) VALUES ('C002', 'M1013');
INSERT INTO MatrizCurricular (curso_id, materia_id) VALUES ('C002', 'M1010');
INSERT INTO MatrizCurricular (curso_id, materia_id) VALUES ('C002', 'M1011');
INSERT INTO MatrizCurricular (curso_id, materia_id) VALUES ('C003', 'M1004');
INSERT INTO MatrizCurricular (curso_id, materia_id) VALUES ('C003', 'M1014');
INSERT INTO MatrizCurricular (curso_id, materia_id) VALUES ('C003', 'M1002');
INSERT INTO MatrizCurricular (curso_id, materia_id) VALUES ('C004', 'M1002');
INSERT INTO MatrizCurricular (curso_id, materia_id) VALUES ('C004', 'M1004');
INSERT INTO MatrizCurricular (curso_id, materia_id) VALUES ('C004', 'M1005');
INSERT INTO MatrizCurricular (curso_id, materia_id) VALUES ('C005', 'M1003');
INSERT INTO MatrizCurricular (curso_id, materia_id) VALUES ('C005', 'M1008');
INSERT INTO MatrizCurricular (curso_id, materia_id) VALUES ('C005', 'M1001');
INSERT INTO MatrizCurricular (curso_id, materia_id) VALUES ('C006', 'M1009');
INSERT INTO MatrizCurricular (curso_id, materia_id) VALUES ('C006', 'M1004');
INSERT INTO MatrizCurricular (curso_id, materia_id) VALUES ('C006', 'M1014');
INSERT INTO MatrizCurricular (curso_id, materia_id) VALUES ('C007', 'M1009');
INSERT INTO MatrizCurricular (curso_id, materia_id) VALUES ('C007', 'M1010');
INSERT INTO MatrizCurricular (curso_id, materia_id) VALUES ('C007', 'M1006');
INSERT INTO MatrizCurricular (curso_id, materia_id) VALUES ('C008', 'M1004');
INSERT INTO MatrizCurricular (curso_id, materia_id) VALUES ('C008', 'M1014');
INSERT INTO MatrizCurricular (curso_id, materia_id) VALUES ('C008', 'M1002');
INSERT INTO MatrizCurricular (curso_id, materia_id) VALUES ('C009', 'M1012');
INSERT INTO MatrizCurricular (curso_id, materia_id) VALUES ('C009', 'M1002');
INSERT INTO MatrizCurricular (curso_id, materia_id) VALUES ('C009', 'M1013');
INSERT INTO MatrizCurricular (curso_id, materia_id) VALUES ('C010', 'M1003');
INSERT INTO MatrizCurricular (curso_id, materia_id) VALUES ('C010', 'M1008');
INSERT INTO MatrizCurricular (curso_id, materia_id) VALUES ('C010', 'M1015');
-- Cursando
INSERT INTO Cursando (RA, materia_id, Semestre, Ano, Nota, status) VALUES ('A0052', 'M1004', '2023-2', 2023, 8.0, 'Aprovado');
INSERT INTO Cursando (RA, materia_id, Semestre, Ano, Nota, status) VALUES ('A0052', 'M1014', '2023-2', 2023, 8.0, 'Aprovado');
INSERT INTO Cursando (RA, materia_id, Semestre, Ano, Nota, status) VALUES ('A0052', 'M1002', '2023-2', 2023, 8.0, 'Aprovado');
INSERT INTO Cursando (RA, materia_id, Semestre, Ano, Nota, status) VALUES ('A0048', 'M1003', '2023-2', 2023, 8.0, 'Aprovado');
INSERT INTO Cursando (RA, materia_id, Semestre, Ano, Nota, status) VALUES ('A0048', 'M1008', '2023-2', 2023, 8.0, 'Aprovado');
INSERT INTO Cursando (RA, materia_id, Semestre, Ano, Nota, status) VALUES ('A0048', 'M1015', '2023-2', 2023, 8.0, 'Aprovado');
INSERT INTO Cursando (RA, materia_id, Semestre, Ano, Nota, status) VALUES ('A0039', 'M1002', '2023-1', 2023, 8.0, 'Aprovado');
INSERT INTO Cursando (RA, materia_id, Semestre, Ano, Nota, status) VALUES ('A0039', 'M1004', '2023-1', 2023, 8.0, 'Aprovado');
INSERT INTO Cursando (RA, materia_id, Semestre, Ano, Nota, status) VALUES ('A0039', 'M1005', '2023-1', 2023, 8.0, 'Aprovado');
INSERT INTO Cursando (RA, materia_id, Semestre, Ano, Nota, status) VALUES ('A0029', 'M1004', '2023-1', 2023, 8.0, 'Aprovado');
INSERT INTO Cursando (RA, materia_id, Semestre, Ano, Nota, status) VALUES ('A0029', 'M1014', '2023-1', 2023, 8.0, 'Aprovado');
INSERT INTO Cursando (RA, materia_id, Semestre, Ano, Nota, status) VALUES ('A0029', 'M1002', '2023-1', 2023, 8.0, 'Aprovado');
INSERT INTO Cursando (RA, materia_id, Semestre, Ano, Nota, status) VALUES ('A0068', 'M1012', '2024-1', 2024, 8.0, 'Aprovado');
INSERT INTO Cursando (RA, materia_id, Semestre, Ano, Nota, status) VALUES ('A0068', 'M1002', '2024-1', 2024, 8.0, 'Aprovado');
INSERT INTO Cursando (RA, materia_id, Semestre, Ano, Nota, status) VALUES ('A0068', 'M1013', '2024-1', 2024, 8.0, 'Aprovado');
INSERT INTO Cursando (RA, materia_id, Semestre, Ano, Nota, status) VALUES ('A0085', 'M1009', '2024-1', 2024, 8.0, 'Aprovado');
INSERT INTO Cursando (RA, materia_id, Semestre, Ano, Nota, status) VALUES ('A0085', 'M1010', '2024-1', 2024, 8.0, 'Aprovado');
INSERT INTO Cursando (RA, materia_id, Semestre, Ano, Nota, status) VALUES ('A0085', 'M1006', '2024-1', 2024, 8.0, 'Aprovado');
INSERT INTO Cursando (RA, materia_id, Semestre, Ano, Nota, status) VALUES ('A0001', 'M1004', '2024-2', 2024, NULL, 'Cursando');
INSERT INTO Cursando (RA, materia_id, Semestre, Ano, Nota, status) VALUES ('A0001', 'M1014', '2024-1', 2024, 9.5, 'Aprovado');
INSERT INTO Cursando (RA, materia_id, Semestre, Ano, Nota, status) VALUES ('A0001', 'M1002', '2023-2', 2023, 3.6, 'Reprovado');
INSERT INTO Cursando (RA, materia_id, Semestre, Ano, Nota, status) VALUES ('A0002', 'M1009', '2023-1', 2023, NULL, 'Cursando');
INSERT INTO Cursando (RA, materia_id, Semestre, Ano, Nota, status) VALUES ('A0002', 'M1004', '2024-2', 2024, 0.1, 'Reprovado');
INSERT INTO Cursando (RA, materia_id, Semestre, Ano, Nota, status) VALUES ('A0002', 'M1014', '2024-2', 2024, NULL, 'Cursando');
INSERT INTO Cursando (RA, materia_id, Semestre, Ano, Nota, status) VALUES ('A0003', 'M1003', '2023-2', 2023, 1.8, 'Reprovado');
INSERT INTO Cursando (RA, materia_id, Semestre, Ano, Nota, status) VALUES ('A0003', 'M1008', '2024-1', 2024, NULL, 'Cursando');
INSERT INTO Cursando (RA, materia_id, Semestre, Ano, Nota, status) VALUES ('A0003', 'M1001', '2023-1', 2023, NULL, 'Cursando');
INSERT INTO Cursando (RA, materia_id, Semestre, Ano, Nota, status) VALUES ('A0004', 'M1013', '2023-2', 2023, 5.7, 'Aprovado');
INSERT INTO Cursando (RA, materia_id, Semestre, Ano, Nota, status) VALUES ('A0004', 'M1010', '2024-1', 2024, 4.6, 'Reprovado');
INSERT INTO Cursando (RA, materia_id, Semestre, Ano, Nota, status) VALUES ('A0004', 'M1011', '2023-2', 2023, NULL, 'Cursando');
INSERT INTO Cursando (RA, materia_id, Semestre, Ano, Nota, status) VALUES ('A0005', 'M1012', '2023-2', 2023, 6.0, 'Aprovado');
INSERT INTO Cursando (RA, materia_id, Semestre, Ano, Nota, status) VALUES ('A0005', 'M1002', '2023-1', 2023, NULL, 'Cursando');
INSERT INTO Cursando (RA, materia_id, Semestre, Ano, Nota, status) VALUES ('A0005', 'M1013', '2024-1', 2024, 6.4, 'Aprovado');
INSERT INTO Cursando (RA, materia_id, Semestre, Ano, Nota, status) VALUES ('A0006', 'M1004', '2024-2', 2024, 3.2, 'Reprovado');
INSERT INTO Cursando (RA, materia_id, Semestre, Ano, Nota, status) VALUES ('A0006', 'M1014', '2024-1', 2024, NULL, 'Cursando');
INSERT INTO Cursando (RA, materia_id, Semestre, Ano, Nota, status) VALUES ('A0006', 'M1002', '2024-2', 2024, 7.2, 'Aprovado');
INSERT INTO Cursando (RA, materia_id, Semestre, Ano, Nota, status) VALUES ('A0007', 'M1009', '2024-2', 2024, 8.3, 'Aprovado');
INSERT INTO Cursando (RA, materia_id, Semestre, Ano, Nota, status) VALUES ('A0007', 'M1010', '2024-2', 2024, 9.1, 'Aprovado');
INSERT INTO Cursando (RA, materia_id, Semestre, Ano, Nota, status) VALUES ('A0007', 'M1006', '2024-2', 2024, 8.9, 'Aprovado');
INSERT INTO Cursando (RA, materia_id, Semestre, Ano, Nota, status) VALUES ('A0008', 'M1009', '2024-2', 2024, 5.0, 'Reprovado');
INSERT INTO Cursando (RA, materia_id, Semestre, Ano, Nota, status) VALUES ('A0008', 'M1004', '2024-2', 2024, 8.0, 'Aprovado');
INSERT INTO Cursando (RA, materia_id, Semestre, Ano, Nota, status) VALUES ('A0008', 'M1014', '2023-1', 2023, 4.2, 'Reprovado');
INSERT INTO Cursando (RA, materia_id, Semestre, Ano, Nota, status) VALUES ('A0009', 'M1003', '2023-2', 2023, 1.1, 'Reprovado');
INSERT INTO Cursando (RA, materia_id, Semestre, Ano, Nota, status) VALUES ('A0009', 'M1008', '2024-2', 2024, 5.6, 'Aprovado');
INSERT INTO Cursando (RA, materia_id, Semestre, Ano, Nota, status) VALUES ('A0009', 'M1015', '2024-1', 2024, 5.7, 'Aprovado');
INSERT INTO Cursando (RA, materia_id, Semestre, Ano, Nota, status) VALUES ('A0010', 'M1003', '2024-1', 2024, 6.8, 'Aprovado');
INSERT INTO Cursando (RA, materia_id, Semestre, Ano, Nota, status) VALUES ('A0010', 'M1008', '2024-1', 2024, NULL, 'Cursando');
INSERT INTO Cursando (RA, materia_id, Semestre, Ano, Nota, status) VALUES ('A0010', 'M1001', '2024-1', 2024, 0.7, 'Reprovado');
INSERT INTO Cursando (RA, materia_id, Semestre, Ano, Nota, status) VALUES ('A0011', 'M1004', '2023-2', 2023, 8.1, 'Aprovado');
INSERT INTO Cursando (RA, materia_id, Semestre, Ano, Nota, status) VALUES ('A0011', 'M1014', '2023-2', 2023, NULL, 'Cursando');
INSERT INTO Cursando (RA, materia_id, Semestre, Ano, Nota, status) VALUES ('A0011', 'M1002', '2024-2', 2024, 8.4, 'Aprovado');
INSERT INTO Cursando (RA, materia_id, Semestre, Ano, Nota, status) VALUES ('A0012', 'M1003', '2023-2', 2023, 0.8, 'Reprovado');
INSERT INTO Cursando (RA, materia_id, Semestre, Ano, Nota, status) VALUES ('A0012', 'M1008', '2023-2', 2023, NULL, 'Cursando');
INSERT INTO Cursando (RA, materia_id, Semestre, Ano, Nota, status) VALUES ('A0012', 'M1001', '2024-1', 2024, 6.1, 'Aprovado');
INSERT INTO Cursando (RA, materia_id, Semestre, Ano, Nota, status) VALUES ('A0013', 'M1004', '2023-2', 2023, 9.0, 'Aprovado');
INSERT INTO Cursando (RA, materia_id, Semestre, Ano, Nota, status) VALUES ('A0013', 'M1014', '2023-2', 2023, 5.6, 'Aprovado');
INSERT INTO Cursando (RA, materia_id, Semestre, Ano, Nota, status) VALUES ('A0013', 'M1002', '2023-2', 2023, 10.0, 'Aprovado');
INSERT INTO Cursando (RA, materia_id, Semestre, Ano, Nota, status) VALUES ('A0014', 'M1009', '2024-2', 2024, NULL, 'Cursando');
INSERT INTO Cursando (RA, materia_id, Semestre, Ano, Nota, status) VALUES ('A0014', 'M1010', '2023-1', 2023, 1.3, 'Reprovado');
INSERT INTO Cursando (RA, materia_id, Semestre, Ano, Nota, status) VALUES ('A0014', 'M1006', '2024-1', 2024, NULL, 'Cursando');
INSERT INTO Cursando (RA, materia_id, Semestre, Ano, Nota, status) VALUES ('A0015', 'M1004', '2024-1', 2024, NULL, 'Cursando');
INSERT INTO Cursando (RA, materia_id, Semestre, Ano, Nota, status) VALUES ('A0015', 'M1014', '2024-2', 2024, 7.0, 'Aprovado');
INSERT INTO Cursando (RA, materia_id, Semestre, Ano, Nota, status) VALUES ('A0015', 'M1002', '2023-1', 2023, NULL, 'Cursando');
INSERT INTO Cursando (RA, materia_id, Semestre, Ano, Nota, status) VALUES ('A0016', 'M1002', '2023-2', 2023, 9.5, 'Aprovado');
INSERT INTO Cursando (RA, materia_id, Semestre, Ano, Nota, status) VALUES ('A0016', 'M1004', '2024-1', 2024, NULL, 'Cursando');
INSERT INTO Cursando (RA, materia_id, Semestre, Ano, Nota, status) VALUES ('A0016', 'M1005', '2024-1', 2024, NULL, 'Cursando');
INSERT INTO Cursando (RA, materia_id, Semestre, Ano, Nota, status) VALUES ('A0017', 'M1012', '2024-1', 2024, 0.1, 'Reprovado');
INSERT INTO Cursando (RA, materia_id, Semestre, Ano, Nota, status) VALUES ('A0017', 'M1002', '2023-1', 2023, 9.7, 'Aprovado');
INSERT INTO Cursando (RA, materia_id, Semestre, Ano, Nota, status) VALUES ('A0017', 'M1013', '2023-1', 2023, NULL, 'Cursando');
INSERT INTO Cursando (RA, materia_id, Semestre, Ano, Nota, status) VALUES ('A0018', 'M1004', '2023-2', 2023, 4.3, 'Reprovado');
INSERT INTO Cursando (RA, materia_id, Semestre, Ano, Nota, status) VALUES ('A0018', 'M1014', '2023-2', 2023, 1.0, 'Reprovado');
INSERT INTO Cursando (RA, materia_id, Semestre, Ano, Nota, status) VALUES ('A0018', 'M1002', '2024-1', 2024, 5.0, 'Reprovado');
INSERT INTO Cursando (RA, materia_id, Semestre, Ano, Nota, status) VALUES ('A0019', 'M1004', '2024-1', 2024, NULL, 'Cursando');
INSERT INTO Cursando (RA, materia_id, Semestre, Ano, Nota, status) VALUES ('A0019', 'M1014', '2024-1', 2024, 8.7, 'Aprovado');
INSERT INTO Cursando (RA, materia_id, Semestre, Ano, Nota, status) VALUES ('A0019', 'M1002', '2023-1', 2023, NULL, 'Cursando');
INSERT INTO Cursando (RA, materia_id, Semestre, Ano, Nota, status) VALUES ('A0020', 'M1003', '2023-1', 2023, NULL, 'Cursando');
INSERT INTO Cursando (RA, materia_id, Semestre, Ano, Nota, status) VALUES ('A0020', 'M1008', '2023-1', 2023, NULL, 'Cursando');
INSERT INTO Cursando (RA, materia_id, Semestre, Ano, Nota, status) VALUES ('A0020', 'M1015', '2024-1', 2024, NULL, 'Cursando');
INSERT INTO Cursando (RA, materia_id, Semestre, Ano, Nota, status) VALUES ('A0021', 'M1013', '2023-1', 2023, NULL, 'Cursando');
INSERT INTO Cursando (RA, materia_id, Semestre, Ano, Nota, status) VALUES ('A0021', 'M1010', '2023-2', 2023, 8.4, 'Aprovado');
INSERT INTO Cursando (RA, materia_id, Semestre, Ano, Nota, status) VALUES ('A0021', 'M1011', '2023-2', 2023, 8.0, 'Aprovado');
INSERT INTO Cursando (RA, materia_id, Semestre, Ano, Nota, status) VALUES ('A0022', 'M1013', '2024-2', 2024, NULL, 'Cursando');
INSERT INTO Cursando (RA, materia_id, Semestre, Ano, Nota, status) VALUES ('A0022', 'M1010', '2023-1', 2023, 8.0, 'Aprovado');
INSERT INTO Cursando (RA, materia_id, Semestre, Ano, Nota, status) VALUES ('A0022', 'M1011', '2023-2', 2023, NULL, 'Cursando');
INSERT INTO Cursando (RA, materia_id, Semestre, Ano, Nota, status) VALUES ('A0023', 'M1004', '2023-1', 2023, 1.4, 'Reprovado');
INSERT INTO Cursando (RA, materia_id, Semestre, Ano, Nota, status) VALUES ('A0023', 'M1014', '2023-1', 2023, 6.1, 'Aprovado');
INSERT INTO Cursando (RA, materia_id, Semestre, Ano, Nota, status) VALUES ('A0023', 'M1002', '2023-1', 2023, 5.5, 'Aprovado');
INSERT INTO Cursando (RA, materia_id, Semestre, Ano, Nota, status) VALUES ('A0024', 'M1003', '2023-2', 2023, 1.0, 'Reprovado');
INSERT INTO Cursando (RA, materia_id, Semestre, Ano, Nota, status) VALUES ('A0024', 'M1008', '2023-2', 2023, NULL, 'Cursando');
INSERT INTO Cursando (RA, materia_id, Semestre, Ano, Nota, status) VALUES ('A0024', 'M1015', '2023-2', 2023, 7.8, 'Aprovado');
INSERT INTO Cursando (RA, materia_id, Semestre, Ano, Nota, status) VALUES ('A0025', 'M1007', '2024-1', 2024, NULL, 'Cursando');
INSERT INTO Cursando (RA, materia_id, Semestre, Ano, Nota, status) VALUES ('A0025', 'M1008', '2023-1', 2023, NULL, 'Cursando');
INSERT INTO Cursando (RA, materia_id, Semestre, Ano, Nota, status) VALUES ('A0025', 'M1004', '2023-1', 2023, 2.6, 'Reprovado');
INSERT INTO Cursando (RA, materia_id, Semestre, Ano, Nota, status) VALUES ('A0026', 'M1013', '2023-2', 2023, 5.6, 'Aprovado');
INSERT INTO Cursando (RA, materia_id, Semestre, Ano, Nota, status) VALUES ('A0026', 'M1010', '2023-2', 2023, 5.1, 'Aprovado');
INSERT INTO Cursando (RA, materia_id, Semestre, Ano, Nota, status) VALUES ('A0026', 'M1011', '2023-2', 2023, 5.8, 'Aprovado');
INSERT INTO Cursando (RA, materia_id, Semestre, Ano, Nota, status) VALUES ('A0027', 'M1003', '2024-2', 2024, NULL, 'Cursando');
INSERT INTO Cursando (RA, materia_id, Semestre, Ano, Nota, status) VALUES ('A0027', 'M1008', '2024-1', 2024, NULL, 'Cursando');
INSERT INTO Cursando (RA, materia_id, Semestre, Ano, Nota, status) VALUES ('A0027', 'M1001', '2023-2', 2023, 8.9, 'Aprovado');
INSERT INTO Cursando (RA, materia_id, Semestre, Ano, Nota, status) VALUES ('A0028', 'M1012', '2024-1', 2024, 5.7, 'Aprovado');
INSERT INTO Cursando (RA, materia_id, Semestre, Ano, Nota, status) VALUES ('A0028', 'M1002', '2023-1', 2023, NULL, 'Cursando');
INSERT INTO Cursando (RA, materia_id, Semestre, Ano, Nota, status) VALUES ('A0028', 'M1013', '2024-1', 2024, NULL, 'Cursando');
INSERT INTO Cursando (RA, materia_id, Semestre, Ano, Nota, status) VALUES ('A0030', 'M1007', '2024-2', 2024, 8.9, 'Aprovado');
INSERT INTO Cursando (RA, materia_id, Semestre, Ano, Nota, status) VALUES ('A0030', 'M1008', '2023-1', 2023, 7.6, 'Aprovado');
INSERT INTO Cursando (RA, materia_id, Semestre, Ano, Nota, status) VALUES ('A0030', 'M1004', '2023-1', 2023, 2.5, 'Reprovado');
INSERT INTO Cursando (RA, materia_id, Semestre, Ano, Nota, status) VALUES ('A0031', 'M1002', '2024-1', 2024, 2.0, 'Reprovado');
INSERT INTO Cursando (RA, materia_id, Semestre, Ano, Nota, status) VALUES ('A0031', 'M1004', '2023-2', 2023, NULL, 'Cursando');
INSERT INTO Cursando (RA, materia_id, Semestre, Ano, Nota, status) VALUES ('A0031', 'M1005', '2024-2', 2024, 2.9, 'Reprovado');
INSERT INTO Cursando (RA, materia_id, Semestre, Ano, Nota, status) VALUES ('A0032', 'M1013', '2024-1', 2024, NULL, 'Cursando');
INSERT INTO Cursando (RA, materia_id, Semestre, Ano, Nota, status) VALUES ('A0032', 'M1010', '2023-1', 2023, NULL, 'Cursando');
INSERT INTO Cursando (RA, materia_id, Semestre, Ano, Nota, status) VALUES ('A0032', 'M1011', '2023-2', 2023, NULL, 'Cursando');
INSERT INTO Cursando (RA, materia_id, Semestre, Ano, Nota, status) VALUES ('A0033', 'M1009', '2023-2', 2023, NULL, 'Cursando');
INSERT INTO Cursando (RA, materia_id, Semestre, Ano, Nota, status) VALUES ('A0033', 'M1010', '2023-1', 2023, 6.6, 'Aprovado');
INSERT INTO Cursando (RA, materia_id, Semestre, Ano, Nota, status) VALUES ('A0033', 'M1006', '2024-1', 2024, 0.9, 'Reprovado');
INSERT INTO Cursando (RA, materia_id, Semestre, Ano, Nota, status) VALUES ('A0034', 'M1009', '2024-1', 2024, 0.9, 'Reprovado');
INSERT INTO Cursando (RA, materia_id, Semestre, Ano, Nota, status) VALUES ('A0034', 'M1010', '2023-1', 2023, 3.1, 'Reprovado');
INSERT INTO Cursando (RA, materia_id, Semestre, Ano, Nota, status) VALUES ('A0034', 'M1006', '2023-1', 2023, 2.2, 'Reprovado');
INSERT INTO Cursando (RA, materia_id, Semestre, Ano, Nota, status) VALUES ('A0035', 'M1004', '2023-2', 2023, NULL, 'Cursando');
INSERT INTO Cursando (RA, materia_id, Semestre, Ano, Nota, status) VALUES ('A0035', 'M1014', '2023-2', 2023, 5.2, 'Aprovado');
INSERT INTO Cursando (RA, materia_id, Semestre, Ano, Nota, status) VALUES ('A0035', 'M1002', '2024-1', 2024, 7.7, 'Aprovado');
INSERT INTO Cursando (RA, materia_id, Semestre, Ano, Nota, status) VALUES ('A0036', 'M1009', '2024-2', 2024, 8.7, 'Aprovado');
INSERT INTO Cursando (RA, materia_id, Semestre, Ano, Nota, status) VALUES ('A0036', 'M1010', '2023-1', 2023, 2.1, 'Reprovado');
INSERT INTO Cursando (RA, materia_id, Semestre, Ano, Nota, status) VALUES ('A0036', 'M1006', '2023-2', 2023, 9.8, 'Aprovado');
INSERT INTO Cursando (RA, materia_id, Semestre, Ano, Nota, status) VALUES ('A0037', 'M1007', '2023-1', 2023, NULL, 'Cursando');
INSERT INTO Cursando (RA, materia_id, Semestre, Ano, Nota, status) VALUES ('A0037', 'M1008', '2024-1', 2024, 4.8, 'Reprovado');
INSERT INTO Cursando (RA, materia_id, Semestre, Ano, Nota, status) VALUES ('A0037', 'M1004', '2023-2', 2023, NULL, 'Cursando');
INSERT INTO Cursando (RA, materia_id, Semestre, Ano, Nota, status) VALUES ('A0038', 'M1003', '2023-2', 2023, NULL, 'Cursando');
INSERT INTO Cursando (RA, materia_id, Semestre, Ano, Nota, status) VALUES ('A0038', 'M1008', '2023-2', 2023, 5.4, 'Aprovado');
INSERT INTO Cursando (RA, materia_id, Semestre, Ano, Nota, status) VALUES ('A0038', 'M1001', '2023-1', 2023, NULL, 'Cursando');
INSERT INTO Cursando (RA, materia_id, Semestre, Ano, Nota, status) VALUES ('A0040', 'M1004', '2024-1', 2024, NULL, 'Cursando');
INSERT INTO Cursando (RA, materia_id, Semestre, Ano, Nota, status) VALUES ('A0040', 'M1014', '2024-2', 2024, 3.7, 'Reprovado');
INSERT INTO Cursando (RA, materia_id, Semestre, Ano, Nota, status) VALUES ('A0040', 'M1002', '2024-1', 2024, 6.8, 'Aprovado');
INSERT INTO Cursando (RA, materia_id, Semestre, Ano, Nota, status) VALUES ('A0041', 'M1003', '2023-1', 2023, 2.0, 'Reprovado');
INSERT INTO Cursando (RA, materia_id, Semestre, Ano, Nota, status) VALUES ('A0041', 'M1008', '2023-2', 2023, 3.5, 'Reprovado');
INSERT INTO Cursando (RA, materia_id, Semestre, Ano, Nota, status) VALUES ('A0041', 'M1015', '2023-2', 2023, NULL, 'Cursando');
INSERT INTO Cursando (RA, materia_id, Semestre, Ano, Nota, status) VALUES ('A0042', 'M1009', '2023-2', 2023, NULL, 'Cursando');
INSERT INTO Cursando (RA, materia_id, Semestre, Ano, Nota, status) VALUES ('A0042', 'M1010', '2024-2', 2024, NULL, 'Cursando');
INSERT INTO Cursando (RA, materia_id, Semestre, Ano, Nota, status) VALUES ('A0042', 'M1006', '2023-2', 2023, 9.2, 'Aprovado');
INSERT INTO Cursando (RA, materia_id, Semestre, Ano, Nota, status) VALUES ('A0043', 'M1007', '2024-1', 2024, 1.6, 'Reprovado');
INSERT INTO Cursando (RA, materia_id, Semestre, Ano, Nota, status) VALUES ('A0043', 'M1008', '2024-1', 2024, NULL, 'Cursando');
INSERT INTO Cursando (RA, materia_id, Semestre, Ano, Nota, status) VALUES ('A0043', 'M1004', '2024-2', 2024, 0.9, 'Reprovado');
INSERT INTO Cursando (RA, materia_id, Semestre, Ano, Nota, status) VALUES ('A0044', 'M1003', '2024-2', 2024, 9.9, 'Aprovado');
INSERT INTO Cursando (RA, materia_id, Semestre, Ano, Nota, status) VALUES ('A0044', 'M1008', '2023-2', 2023, 2.3, 'Reprovado');
INSERT INTO Cursando (RA, materia_id, Semestre, Ano, Nota, status) VALUES ('A0044', 'M1015', '2023-1', 2023, 5.6, 'Aprovado');
INSERT INTO Cursando (RA, materia_id, Semestre, Ano, Nota, status) VALUES ('A0045', 'M1004', '2024-1', 2024, NULL, 'Cursando');
INSERT INTO Cursando (RA, materia_id, Semestre, Ano, Nota, status) VALUES ('A0045', 'M1014', '2023-1', 2023, 5.6, 'Aprovado');
INSERT INTO Cursando (RA, materia_id, Semestre, Ano, Nota, status) VALUES ('A0045', 'M1002', '2023-2', 2023, 5.4, 'Aprovado');
INSERT INTO Cursando (RA, materia_id, Semestre, Ano, Nota, status) VALUES ('A0046', 'M1002', '2023-1', 2023, NULL, 'Cursando');
INSERT INTO Cursando (RA, materia_id, Semestre, Ano, Nota, status) VALUES ('A0046', 'M1004', '2024-1', 2024, 2.7, 'Reprovado');
INSERT INTO Cursando (RA, materia_id, Semestre, Ano, Nota, status) VALUES ('A0046', 'M1005', '2024-1', 2024, NULL, 'Cursando');
INSERT INTO Cursando (RA, materia_id, Semestre, Ano, Nota, status) VALUES ('A0047', 'M1012', '2024-2', 2024, 4.8, 'Reprovado');
INSERT INTO Cursando (RA, materia_id, Semestre, Ano, Nota, status) VALUES ('A0047', 'M1002', '2024-1', 2024, NULL, 'Cursando');
INSERT INTO Cursando (RA, materia_id, Semestre, Ano, Nota, status) VALUES ('A0047', 'M1013', '2024-2', 2024, 7.2, 'Aprovado');
INSERT INTO Cursando (RA, materia_id, Semestre, Ano, Nota, status) VALUES ('A0049', 'M1013', '2023-1', 2023, NULL, 'Cursando');
INSERT INTO Cursando (RA, materia_id, Semestre, Ano, Nota, status) VALUES ('A0049', 'M1010', '2023-1', 2023, 8.1, 'Aprovado');
INSERT INTO Cursando (RA, materia_id, Semestre, Ano, Nota, status) VALUES ('A0049', 'M1011', '2024-1', 2024, NULL, 'Cursando');
INSERT INTO Cursando (RA, materia_id, Semestre, Ano, Nota, status) VALUES ('A0050', 'M1007', '2023-1', 2023, 8.4, 'Aprovado');
INSERT INTO Cursando (RA, materia_id, Semestre, Ano, Nota, status) VALUES ('A0050', 'M1008', '2024-2', 2024, NULL, 'Cursando');
INSERT INTO Cursando (RA, materia_id, Semestre, Ano, Nota, status) VALUES ('A0050', 'M1004', '2023-1', 2023, 4.7, 'Reprovado');
INSERT INTO Cursando (RA, materia_id, Semestre, Ano, Nota, status) VALUES ('A0051', 'M1013', '2024-2', 2024, 0.6, 'Reprovado');
INSERT INTO Cursando (RA, materia_id, Semestre, Ano, Nota, status) VALUES ('A0051', 'M1010', '2023-1', 2023, 0.6, 'Reprovado');
INSERT INTO Cursando (RA, materia_id, Semestre, Ano, Nota, status) VALUES ('A0051', 'M1011', '2023-1', 2023, 0.1, 'Reprovado');
INSERT INTO Cursando (RA, materia_id, Semestre, Ano, Nota, status) VALUES ('A0053', 'M1004', '2023-2', 2023, NULL, 'Cursando');
INSERT INTO Cursando (RA, materia_id, Semestre, Ano, Nota, status) VALUES ('A0053', 'M1014', '2024-1', 2024, NULL, 'Cursando');
INSERT INTO Cursando (RA, materia_id, Semestre, Ano, Nota, status) VALUES ('A0053', 'M1002', '2024-2', 2024, 0.2, 'Reprovado');
INSERT INTO Cursando (RA, materia_id, Semestre, Ano, Nota, status) VALUES ('A0054', 'M1013', '2024-1', 2024, NULL, 'Cursando');
INSERT INTO Cursando (RA, materia_id, Semestre, Ano, Nota, status) VALUES ('A0054', 'M1010', '2023-1', 2023, 10.0, 'Aprovado');
INSERT INTO Cursando (RA, materia_id, Semestre, Ano, Nota, status) VALUES ('A0054', 'M1011', '2023-2', 2023, 5.5, 'Aprovado');
INSERT INTO Cursando (RA, materia_id, Semestre, Ano, Nota, status) VALUES ('A0055', 'M1002', '2023-1', 2023, NULL, 'Cursando');
INSERT INTO Cursando (RA, materia_id, Semestre, Ano, Nota, status) VALUES ('A0055', 'M1004', '2024-1', 2024, 4.6, 'Reprovado');
INSERT INTO Cursando (RA, materia_id, Semestre, Ano, Nota, status) VALUES ('A0055', 'M1005', '2023-1', 2023, 8.4, 'Aprovado');
INSERT INTO Cursando (RA, materia_id, Semestre, Ano, Nota, status) VALUES ('A0056', 'M1007', '2023-2', 2023, 1.8, 'Reprovado');
INSERT INTO Cursando (RA, materia_id, Semestre, Ano, Nota, status) VALUES ('A0056', 'M1008', '2024-2', 2024, NULL, 'Cursando');
INSERT INTO Cursando (RA, materia_id, Semestre, Ano, Nota, status) VALUES ('A0056', 'M1004', '2023-1', 2023, NULL, 'Cursando');
INSERT INTO Cursando (RA, materia_id, Semestre, Ano, Nota, status) VALUES ('A0057', 'M1004', '2024-1', 2024, NULL, 'Cursando');
INSERT INTO Cursando (RA, materia_id, Semestre, Ano, Nota, status) VALUES ('A0057', 'M1014', '2024-2', 2024, NULL, 'Cursando');
INSERT INTO Cursando (RA, materia_id, Semestre, Ano, Nota, status) VALUES ('A0057', 'M1002', '2023-2', 2023, NULL, 'Cursando');
INSERT INTO Cursando (RA, materia_id, Semestre, Ano, Nota, status) VALUES ('A0058', 'M1004', '2024-2', 2024, 2.6, 'Reprovado');
INSERT INTO Cursando (RA, materia_id, Semestre, Ano, Nota, status) VALUES ('A0058', 'M1014', '2023-2', 2023, NULL, 'Cursando');
INSERT INTO Cursando (RA, materia_id, Semestre, Ano, Nota, status) VALUES ('A0058', 'M1002', '2024-2', 2024, 7.4, 'Aprovado');
INSERT INTO Cursando (RA, materia_id, Semestre, Ano, Nota, status) VALUES ('A0059', 'M1003', '2023-1', 2023, NULL, 'Cursando');
INSERT INTO Cursando (RA, materia_id, Semestre, Ano, Nota, status) VALUES ('A0059', 'M1008', '2023-1', 2023, NULL, 'Cursando');
INSERT INTO Cursando (RA, materia_id, Semestre, Ano, Nota, status) VALUES ('A0059', 'M1001', '2024-1', 2024, NULL, 'Cursando');
INSERT INTO Cursando (RA, materia_id, Semestre, Ano, Nota, status) VALUES ('A0060', 'M1013', '2023-2', 2023, 5.3, 'Aprovado');
INSERT INTO Cursando (RA, materia_id, Semestre, Ano, Nota, status) VALUES ('A0060', 'M1010', '2024-1', 2024, NULL, 'Cursando');
INSERT INTO Cursando (RA, materia_id, Semestre, Ano, Nota, status) VALUES ('A0060', 'M1011', '2023-1', 2023, NULL, 'Cursando');
INSERT INTO Cursando (RA, materia_id, Semestre, Ano, Nota, status) VALUES ('A0061', 'M1013', '2023-1', 2023, 1.0, 'Reprovado');
INSERT INTO Cursando (RA, materia_id, Semestre, Ano, Nota, status) VALUES ('A0061', 'M1010', '2024-2', 2024, NULL, 'Cursando');
INSERT INTO Cursando (RA, materia_id, Semestre, Ano, Nota, status) VALUES ('A0061', 'M1011', '2024-2', 2024, NULL, 'Cursando');
INSERT INTO Cursando (RA, materia_id, Semestre, Ano, Nota, status) VALUES ('A0062', 'M1002', '2024-1', 2024, NULL, 'Cursando');
INSERT INTO Cursando (RA, materia_id, Semestre, Ano, Nota, status) VALUES ('A0062', 'M1004', '2023-1', 2023, NULL, 'Cursando');
INSERT INTO Cursando (RA, materia_id, Semestre, Ano, Nota, status) VALUES ('A0062', 'M1005', '2023-2', 2023, 8.7, 'Aprovado');
INSERT INTO Cursando (RA, materia_id, Semestre, Ano, Nota, status) VALUES ('A0063', 'M1009', '2024-2', 2024, 8.6, 'Aprovado');
INSERT INTO Cursando (RA, materia_id, Semestre, Ano, Nota, status) VALUES ('A0063', 'M1010', '2024-1', 2024, NULL, 'Cursando');
INSERT INTO Cursando (RA, materia_id, Semestre, Ano, Nota, status) VALUES ('A0063', 'M1006', '2023-2', 2023, NULL, 'Cursando');
INSERT INTO Cursando (RA, materia_id, Semestre, Ano, Nota, status) VALUES ('A0064', 'M1013', '2023-2', 2023, 0.7, 'Reprovado');
INSERT INTO Cursando (RA, materia_id, Semestre, Ano, Nota, status) VALUES ('A0064', 'M1010', '2023-1', 2023, 3.9, 'Reprovado');
INSERT INTO Cursando (RA, materia_id, Semestre, Ano, Nota, status) VALUES ('A0064', 'M1011', '2023-1', 2023, NULL, 'Cursando');
INSERT INTO Cursando (RA, materia_id, Semestre, Ano, Nota, status) VALUES ('A0065', 'M1003', '2023-2', 2023, NULL, 'Cursando');
INSERT INTO Cursando (RA, materia_id, Semestre, Ano, Nota, status) VALUES ('A0065', 'M1008', '2024-1', 2024, NULL, 'Cursando');
INSERT INTO Cursando (RA, materia_id, Semestre, Ano, Nota, status) VALUES ('A0065', 'M1015', '2024-2', 2024, NULL, 'Cursando');
INSERT INTO Cursando (RA, materia_id, Semestre, Ano, Nota, status) VALUES ('A0066', 'M1009', '2023-2', 2023, 1.0, 'Reprovado');
INSERT INTO Cursando (RA, materia_id, Semestre, Ano, Nota, status) VALUES ('A0066', 'M1010', '2023-2', 2023, 5.1, 'Aprovado');
INSERT INTO Cursando (RA, materia_id, Semestre, Ano, Nota, status) VALUES ('A0066', 'M1006', '2024-2', 2024, 9.4, 'Aprovado');
INSERT INTO Cursando (RA, materia_id, Semestre, Ano, Nota, status) VALUES ('A0067', 'M1007', '2023-2', 2023, 1.7, 'Reprovado');
INSERT INTO Cursando (RA, materia_id, Semestre, Ano, Nota, status) VALUES ('A0067', 'M1008', '2023-1', 2023, 1.8, 'Reprovado');
INSERT INTO Cursando (RA, materia_id, Semestre, Ano, Nota, status) VALUES ('A0067', 'M1004', '2023-2', 2023, NULL, 'Cursando');
INSERT INTO Cursando (RA, materia_id, Semestre, Ano, Nota, status) VALUES ('A0069', 'M1012', '2024-2', 2024, NULL, 'Cursando');
INSERT INTO Cursando (RA, materia_id, Semestre, Ano, Nota, status) VALUES ('A0069', 'M1002', '2023-1', 2023, 0.3, 'Reprovado');
INSERT INTO Cursando (RA, materia_id, Semestre, Ano, Nota, status) VALUES ('A0069', 'M1013', '2024-2', 2024, 3.9, 'Reprovado');
INSERT INTO Cursando (RA, materia_id, Semestre, Ano, Nota, status) VALUES ('A0070', 'M1004', '2024-1', 2024, 6.9, 'Aprovado');
INSERT INTO Cursando (RA, materia_id, Semestre, Ano, Nota, status) VALUES ('A0070', 'M1014', '2024-2', 2024, NULL, 'Cursando');
INSERT INTO Cursando (RA, materia_id, Semestre, Ano, Nota, status) VALUES ('A0070', 'M1002', '2024-2', 2024, NULL, 'Cursando');
INSERT INTO Cursando (RA, materia_id, Semestre, Ano, Nota, status) VALUES ('A0071', 'M1012', '2024-2', 2024, 8.5, 'Aprovado');
INSERT INTO Cursando (RA, materia_id, Semestre, Ano, Nota, status) VALUES ('A0071', 'M1002', '2024-1', 2024, 5.3, 'Aprovado');
INSERT INTO Cursando (RA, materia_id, Semestre, Ano, Nota, status) VALUES ('A0071', 'M1013', '2023-1', 2023, 1.4, 'Reprovado');
INSERT INTO Cursando (RA, materia_id, Semestre, Ano, Nota, status) VALUES ('A0072', 'M1013', '2024-2', 2024, NULL, 'Cursando');
INSERT INTO Cursando (RA, materia_id, Semestre, Ano, Nota, status) VALUES ('A0072', 'M1010', '2024-1', 2024, NULL, 'Cursando');
INSERT INTO Cursando (RA, materia_id, Semestre, Ano, Nota, status) VALUES ('A0072', 'M1011', '2023-1', 2023, 8.7, 'Aprovado');
INSERT INTO Cursando (RA, materia_id, Semestre, Ano, Nota, status) VALUES ('A0073', 'M1004', '2023-2', 2023, NULL, 'Cursando');
INSERT INTO Cursando (RA, materia_id, Semestre, Ano, Nota, status) VALUES ('A0073', 'M1014', '2023-1', 2023, 3.1, 'Reprovado');
INSERT INTO Cursando (RA, materia_id, Semestre, Ano, Nota, status) VALUES ('A0073', 'M1002', '2023-1', 2023, NULL, 'Cursando');
INSERT INTO Cursando (RA, materia_id, Semestre, Ano, Nota, status) VALUES ('A0074', 'M1002', '2024-1', 2024, 0.9, 'Reprovado');
INSERT INTO Cursando (RA, materia_id, Semestre, Ano, Nota, status) VALUES ('A0074', 'M1004', '2024-1', 2024, 3.7, 'Reprovado');
INSERT INTO Cursando (RA, materia_id, Semestre, Ano, Nota, status) VALUES ('A0074', 'M1005', '2024-2', 2024, 1.0, 'Reprovado');
INSERT INTO Cursando (RA, materia_id, Semestre, Ano, Nota, status) VALUES ('A0075', 'M1013', '2024-1', 2024, NULL, 'Cursando');
INSERT INTO Cursando (RA, materia_id, Semestre, Ano, Nota, status) VALUES ('A0075', 'M1010', '2023-1', 2023, NULL, 'Cursando');
INSERT INTO Cursando (RA, materia_id, Semestre, Ano, Nota, status) VALUES ('A0075', 'M1011', '2024-1', 2024, NULL, 'Cursando');
INSERT INTO Cursando (RA, materia_id, Semestre, Ano, Nota, status) VALUES ('A0076', 'M1012', '2023-2', 2023, NULL, 'Cursando');
INSERT INTO Cursando (RA, materia_id, Semestre, Ano, Nota, status) VALUES ('A0076', 'M1002', '2023-1', 2023, 7.3, 'Aprovado');
INSERT INTO Cursando (RA, materia_id, Semestre, Ano, Nota, status) VALUES ('A0076', 'M1013', '2023-2', 2023, NULL, 'Cursando');
INSERT INTO Cursando (RA, materia_id, Semestre, Ano, Nota, status) VALUES ('A0077', 'M1007', '2024-2', 2024, 9.8, 'Aprovado');
INSERT INTO Cursando (RA, materia_id, Semestre, Ano, Nota, status) VALUES ('A0077', 'M1008', '2024-1', 2024, NULL, 'Cursando');
INSERT INTO Cursando (RA, materia_id, Semestre, Ano, Nota, status) VALUES ('A0077', 'M1004', '2024-1', 2024, NULL, 'Cursando');
INSERT INTO Cursando (RA, materia_id, Semestre, Ano, Nota, status) VALUES ('A0078', 'M1003', '2023-1', 2023, 7.3, 'Aprovado');
INSERT INTO Cursando (RA, materia_id, Semestre, Ano, Nota, status) VALUES ('A0078', 'M1008', '2024-1', 2024, 3.7, 'Reprovado');
INSERT INTO Cursando (RA, materia_id, Semestre, Ano, Nota, status) VALUES ('A0078', 'M1015', '2023-1', 2023, 0.2, 'Reprovado');
INSERT INTO Cursando (RA, materia_id, Semestre, Ano, Nota, status) VALUES ('A0079', 'M1004', '2024-2', 2024, 5.5, 'Aprovado');
INSERT INTO Cursando (RA, materia_id, Semestre, Ano, Nota, status) VALUES ('A0079', 'M1014', '2024-1', 2024, 8.5, 'Aprovado');
INSERT INTO Cursando (RA, materia_id, Semestre, Ano, Nota, status) VALUES ('A0079', 'M1002', '2024-2', 2024, 6.0, 'Aprovado');
INSERT INTO Cursando (RA, materia_id, Semestre, Ano, Nota, status) VALUES ('A0080', 'M1003', '2023-2', 2023, NULL, 'Cursando');
INSERT INTO Cursando (RA, materia_id, Semestre, Ano, Nota, status) VALUES ('A0080', 'M1008', '2024-1', 2024, NULL, 'Cursando');
INSERT INTO Cursando (RA, materia_id, Semestre, Ano, Nota, status) VALUES ('A0080', 'M1015', '2024-2', 2024, 8.2, 'Aprovado');
INSERT INTO Cursando (RA, materia_id, Semestre, Ano, Nota, status) VALUES ('A0081', 'M1002', '2024-2', 2024, 3.1, 'Reprovado');
INSERT INTO Cursando (RA, materia_id, Semestre, Ano, Nota, status) VALUES ('A0081', 'M1004', '2023-2', 2023, 3.3, 'Reprovado');
INSERT INTO Cursando (RA, materia_id, Semestre, Ano, Nota, status) VALUES ('A0081', 'M1005', '2024-2', 2024, NULL, 'Cursando');
INSERT INTO Cursando (RA, materia_id, Semestre, Ano, Nota, status) VALUES ('A0082', 'M1007', '2023-2', 2023, NULL, 'Cursando');
INSERT INTO Cursando (RA, materia_id, Semestre, Ano, Nota, status) VALUES ('A0082', 'M1008', '2024-1', 2024, 2.6, 'Reprovado');
INSERT INTO Cursando (RA, materia_id, Semestre, Ano, Nota, status) VALUES ('A0082', 'M1004', '2023-1', 2023, NULL, 'Cursando');
INSERT INTO Cursando (RA, materia_id, Semestre, Ano, Nota, status) VALUES ('A0083', 'M1004', '2024-1', 2024, NULL, 'Cursando');
INSERT INTO Cursando (RA, materia_id, Semestre, Ano, Nota, status) VALUES ('A0083', 'M1014', '2023-1', 2023, NULL, 'Cursando');
INSERT INTO Cursando (RA, materia_id, Semestre, Ano, Nota, status) VALUES ('A0083', 'M1002', '2023-1', 2023, NULL, 'Cursando');
INSERT INTO Cursando (RA, materia_id, Semestre, Ano, Nota, status) VALUES ('A0084', 'M1004', '2024-1', 2024, NULL, 'Cursando');
INSERT INTO Cursando (RA, materia_id, Semestre, Ano, Nota, status) VALUES ('A0084', 'M1014', '2023-1', 2023, 9.7, 'Aprovado');
INSERT INTO Cursando (RA, materia_id, Semestre, Ano, Nota, status) VALUES ('A0084', 'M1002', '2024-2', 2024, 7.9, 'Aprovado');
INSERT INTO Cursando (RA, materia_id, Semestre, Ano, Nota, status) VALUES ('A0086', 'M1003', '2023-2', 2023, NULL, 'Cursando');
INSERT INTO Cursando (RA, materia_id, Semestre, Ano, Nota, status) VALUES ('A0086', 'M1008', '2023-2', 2023, 6.7, 'Aprovado');
INSERT INTO Cursando (RA, materia_id, Semestre, Ano, Nota, status) VALUES ('A0086', 'M1001', '2023-2', 2023, NULL, 'Cursando');
INSERT INTO Cursando (RA, materia_id, Semestre, Ano, Nota, status) VALUES ('A0087', 'M1012', '2024-2', 2024, 3.2, 'Reprovado');
INSERT INTO Cursando (RA, materia_id, Semestre, Ano, Nota, status) VALUES ('A0087', 'M1002', '2024-2', 2024, NULL, 'Cursando');
INSERT INTO Cursando (RA, materia_id, Semestre, Ano, Nota, status) VALUES ('A0087', 'M1013', '2023-1', 2023, NULL, 'Cursando');
INSERT INTO Cursando (RA, materia_id, Semestre, Ano, Nota, status) VALUES ('A0088', 'M1003', '2023-2', 2023, NULL, 'Cursando');
INSERT INTO Cursando (RA, materia_id, Semestre, Ano, Nota, status) VALUES ('A0088', 'M1008', '2024-1', 2024, 6.4, 'Aprovado');
INSERT INTO Cursando (RA, materia_id, Semestre, Ano, Nota, status) VALUES ('A0088', 'M1001', '2023-2', 2023, NULL, 'Cursando');
INSERT INTO Cursando (RA, materia_id, Semestre, Ano, Nota, status) VALUES ('A0089', 'M1013', '2023-2', 2023, 8.7, 'Aprovado');
INSERT INTO Cursando (RA, materia_id, Semestre, Ano, Nota, status) VALUES ('A0089', 'M1010', '2024-1', 2024, 4.5, 'Reprovado');
INSERT INTO Cursando (RA, materia_id, Semestre, Ano, Nota, status) VALUES ('A0089', 'M1011', '2023-2', 2023, 8.3, 'Aprovado');
INSERT INTO Cursando (RA, materia_id, Semestre, Ano, Nota, status) VALUES ('A0090', 'M1002', '2023-2', 2023, NULL, 'Cursando');
INSERT INTO Cursando (RA, materia_id, Semestre, Ano, Nota, status) VALUES ('A0090', 'M1004', '2023-1', 2023, 8.0, 'Aprovado');
INSERT INTO Cursando (RA, materia_id, Semestre, Ano, Nota, status) VALUES ('A0090', 'M1005', '2024-2', 2024, 5.7, 'Aprovado');
INSERT INTO Cursando (RA, materia_id, Semestre, Ano, Nota, status) VALUES ('A0091', 'M1009', '2023-1', 2023, NULL, 'Cursando');
INSERT INTO Cursando (RA, materia_id, Semestre, Ano, Nota, status) VALUES ('A0091', 'M1010', '2024-2', 2024, 5.5, 'Aprovado');
INSERT INTO Cursando (RA, materia_id, Semestre, Ano, Nota, status) VALUES ('A0091', 'M1006', '2024-2', 2024, 7.0, 'Aprovado');
INSERT INTO Cursando (RA, materia_id, Semestre, Ano, Nota, status) VALUES ('A0092', 'M1009', '2023-2', 2023, NULL, 'Cursando');
INSERT INTO Cursando (RA, materia_id, Semestre, Ano, Nota, status) VALUES ('A0092', 'M1004', '2024-2', 2024, 7.5, 'Aprovado');
INSERT INTO Cursando (RA, materia_id, Semestre, Ano, Nota, status) VALUES ('A0092', 'M1014', '2024-2', 2024, 3.0, 'Reprovado');
INSERT INTO Cursando (RA, materia_id, Semestre, Ano, Nota, status) VALUES ('A0093', 'M1002', '2024-1', 2024, NULL, 'Cursando');
INSERT INTO Cursando (RA, materia_id, Semestre, Ano, Nota, status) VALUES ('A0093', 'M1004', '2023-1', 2023, 4.0, 'Reprovado');
INSERT INTO Cursando (RA, materia_id, Semestre, Ano, Nota, status) VALUES ('A0093', 'M1005', '2024-2', 2024, NULL, 'Cursando');
INSERT INTO Cursando (RA, materia_id, Semestre, Ano, Nota, status) VALUES ('A0094', 'M1003', '2024-1', 2024, 1.2, 'Reprovado');
INSERT INTO Cursando (RA, materia_id, Semestre, Ano, Nota, status) VALUES ('A0094', 'M1008', '2024-1', 2024, NULL, 'Cursando');
INSERT INTO Cursando (RA, materia_id, Semestre, Ano, Nota, status) VALUES ('A0094', 'M1015', '2023-2', 2023, 4.6, 'Reprovado');
INSERT INTO Cursando (RA, materia_id, Semestre, Ano, Nota, status) VALUES ('A0095', 'M1009', '2023-1', 2023, 8.3, 'Aprovado');
INSERT INTO Cursando (RA, materia_id, Semestre, Ano, Nota, status) VALUES ('A0095', 'M1010', '2024-2', 2024, NULL, 'Cursando');
INSERT INTO Cursando (RA, materia_id, Semestre, Ano, Nota, status) VALUES ('A0095', 'M1006', '2023-1', 2023, 1.3, 'Reprovado');
INSERT INTO Cursando (RA, materia_id, Semestre, Ano, Nota, status) VALUES ('A0096', 'M1003', '2023-2', 2023, NULL, 'Cursando');
INSERT INTO Cursando (RA, materia_id, Semestre, Ano, Nota, status) VALUES ('A0096', 'M1008', '2024-2', 2024, 7.4, 'Aprovado');
INSERT INTO Cursando (RA, materia_id, Semestre, Ano, Nota, status) VALUES ('A0096', 'M1001', '2023-2', 2023, 4.9, 'Reprovado');
INSERT INTO Cursando (RA, materia_id, Semestre, Ano, Nota, status) VALUES ('A0097', 'M1003', '2024-1', 2024, NULL, 'Cursando');
INSERT INTO Cursando (RA, materia_id, Semestre, Ano, Nota, status) VALUES ('A0097', 'M1008', '2023-2', 2023, NULL, 'Cursando');
INSERT INTO Cursando (RA, materia_id, Semestre, Ano, Nota, status) VALUES ('A0097', 'M1001', '2023-2', 2023, 5.9, 'Aprovado');
INSERT INTO Cursando (RA, materia_id, Semestre, Ano, Nota, status) VALUES ('A0098', 'M1012', '2023-1', 2023, NULL, 'Cursando');
INSERT INTO Cursando (RA, materia_id, Semestre, Ano, Nota, status) VALUES ('A0098', 'M1002', '2023-1', 2023, NULL, 'Cursando');
INSERT INTO Cursando (RA, materia_id, Semestre, Ano, Nota, status) VALUES ('A0098', 'M1013', '2024-2', 2024, 9.7, 'Aprovado');
INSERT INTO Cursando (RA, materia_id, Semestre, Ano, Nota, status) VALUES ('A0099', 'M1003', '2023-1', 2023, 3.6, 'Reprovado');
INSERT INTO Cursando (RA, materia_id, Semestre, Ano, Nota, status) VALUES ('A0099', 'M1008', '2023-2', 2023, 9.5, 'Aprovado');
INSERT INTO Cursando (RA, materia_id, Semestre, Ano, Nota, status) VALUES ('A0099', 'M1001', '2024-2', 2024, 2.6, 'Reprovado');
INSERT INTO Cursando (RA, materia_id, Semestre, Ano, Nota, status) VALUES ('A0100', 'M1013', '2024-1', 2024, NULL, 'Cursando');
INSERT INTO Cursando (RA, materia_id, Semestre, Ano, Nota, status) VALUES ('A0100', 'M1010', '2023-1', 2023, NULL, 'Cursando');
INSERT INTO Cursando (RA, materia_id, Semestre, Ano, Nota, status) VALUES ('A0100', 'M1011', '2024-1', 2024, NULL, 'Cursando');
-- Leciona
INSERT INTO Leciona (RA_Prof, materia_id, Semestre, Ano, status) VALUES ('RA018', 'M1001', '2024-1', 2024, 'Ativo');
INSERT INTO Leciona (RA_Prof, materia_id, Semestre, Ano, status) VALUES ('RA009', 'M1001', '2024-1', 2024, 'Ativo');
INSERT INTO Leciona (RA_Prof, materia_id, Semestre, Ano, status) VALUES ('RA010', 'M1002', '2024-1', 2024, 'Ativo');
INSERT INTO Leciona (RA_Prof, materia_id, Semestre, Ano, status) VALUES ('RA019', 'M1002', '2024-1', 2024, 'Ativo');
INSERT INTO Leciona (RA_Prof, materia_id, Semestre, Ano, status) VALUES ('RA014', 'M1003', '2024-1', 2024, 'Ativo');
INSERT INTO Leciona (RA_Prof, materia_id, Semestre, Ano, status) VALUES ('RA021', 'M1003', '2024-1', 2024, 'Ativo');
INSERT INTO Leciona (RA_Prof, materia_id, Semestre, Ano, status) VALUES ('RA013', 'M1004', '2024-1', 2024, 'Ativo');
INSERT INTO Leciona (RA_Prof, materia_id, Semestre, Ano, status) VALUES ('RA020', 'M1004', '2024-1', 2024, 'Ativo');
INSERT INTO Leciona (RA_Prof, materia_id, Semestre, Ano, status) VALUES ('RA007', 'M1005', '2024-1', 2024, 'Ativo');
INSERT INTO Leciona (RA_Prof, materia_id, Semestre, Ano, status) VALUES ('RA023', 'M1006', '2024-1', 2024, 'Ativo');
INSERT INTO Leciona (RA_Prof, materia_id, Semestre, Ano, status) VALUES ('RA018', 'M1007', '2024-1', 2024, 'Ativo');
INSERT INTO Leciona (RA_Prof, materia_id, Semestre, Ano, status) VALUES ('RA022', 'M1007', '2024-1', 2024, 'Ativo');
INSERT INTO Leciona (RA_Prof, materia_id, Semestre, Ano, status) VALUES ('RA022', 'M1008', '2024-1', 2024, 'Ativo');
INSERT INTO Leciona (RA_Prof, materia_id, Semestre, Ano, status) VALUES ('RA014', 'M1008', '2024-1', 2024, 'Ativo');
INSERT INTO Leciona (RA_Prof, materia_id, Semestre, Ano, status) VALUES ('RA004', 'M1009', '2024-1', 2024, 'Ativo');
INSERT INTO Leciona (RA_Prof, materia_id, Semestre, Ano, status) VALUES ('RA016', 'M1010', '2024-1', 2024, 'Ativo');
INSERT INTO Leciona (RA_Prof, materia_id, Semestre, Ano, status) VALUES ('RA018', 'M1011', '2024-1', 2024, 'Ativo');
INSERT INTO Leciona (RA_Prof, materia_id, Semestre, Ano, status) VALUES ('RA003', 'M1011', '2024-1', 2024, 'Ativo');
INSERT INTO Leciona (RA_Prof, materia_id, Semestre, Ano, status) VALUES ('RA022', 'M1012', '2024-1', 2024, 'Ativo');
INSERT INTO Leciona (RA_Prof, materia_id, Semestre, Ano, status) VALUES ('RA001', 'M1012', '2024-1', 2024, 'Ativo');
INSERT INTO Leciona (RA_Prof, materia_id, Semestre, Ano, status) VALUES ('RA002', 'M1013', '2024-1', 2024, 'Ativo');
INSERT INTO Leciona (RA_Prof, materia_id, Semestre, Ano, status) VALUES ('RA013', 'M1014', '2024-1', 2024, 'Ativo');
INSERT INTO Leciona (RA_Prof, materia_id, Semestre, Ano, status) VALUES ('RA023', 'M1015', '2024-1', 2024, 'Ativo');
INSERT INTO Leciona (RA_Prof, materia_id, Semestre, Ano, status) VALUES ('RA007', 'M1015', '2024-1', 2024, 'Ativo');
INSERT INTO Leciona (RA_Prof, materia_id, Semestre, Ano, status) VALUES ('RA021', 'M1006', '2023-2', 2023, 'Inativo');
INSERT INTO Leciona (RA_Prof, materia_id, Semestre, Ano, status) VALUES ('RA015', 'M1011', '2023-1', 2023, 'Inativo');
INSERT INTO Leciona (RA_Prof, materia_id, Semestre, Ano, status) VALUES ('RA001', 'M1005', '2023-1', 2023, 'Inativo');
INSERT INTO Leciona (RA_Prof, materia_id, Semestre, Ano, status) VALUES ('RA004', 'M1002', '2023-2', 2023, 'Inativo');
INSERT INTO Leciona (RA_Prof, materia_id, Semestre, Ano, status) VALUES ('RA017', 'M1001', '2023-1', 2023, 'Inativo');
INSERT INTO Leciona (RA_Prof, materia_id, Semestre, Ano, status) VALUES ('RA021', 'M1015', '2023-1', 2023, 'Inativo');
INSERT INTO Leciona (RA_Prof, materia_id, Semestre, Ano, status) VALUES ('RA016', 'M1005', '2023-2', 2023, 'Inativo');
INSERT INTO Leciona (RA_Prof, materia_id, Semestre, Ano, status) VALUES ('RA014', 'M1012', '2023-1', 2023, 'Inativo');
INSERT INTO Leciona (RA_Prof, materia_id, Semestre, Ano, status) VALUES ('RA006', 'M1005', '2023-1', 2023, 'Inativo');
INSERT INTO Leciona (RA_Prof, materia_id, Semestre, Ano, status) VALUES ('RA017', 'M1007', '2023-2', 2023, 'Inativo');
INSERT INTO Leciona (RA_Prof, materia_id, Semestre, Ano, status) VALUES ('RA001', 'M1001', '2023-2', 2023, 'Inativo');
INSERT INTO Leciona (RA_Prof, materia_id, Semestre, Ano, status) VALUES ('RA007', 'M1012', '2023-2', 2023, 'Inativo');
INSERT INTO Leciona (RA_Prof, materia_id, Semestre, Ano, status) VALUES ('RA018', 'M1014', '2023-1', 2023, 'Inativo');
INSERT INTO Leciona (RA_Prof, materia_id, Semestre, Ano, status) VALUES ('RA014', 'M1001', '2023-1', 2023, 'Inativo');
INSERT INTO Leciona (RA_Prof, materia_id, Semestre, Ano, status) VALUES ('RA006', 'M1014', '2023-2', 2023, 'Inativo');
INSERT INTO Leciona (RA_Prof, materia_id, Semestre, Ano, status) VALUES ('RA014', 'M1014', '2023-2', 2023, 'Inativo');
INSERT INTO Leciona (RA_Prof, materia_id, Semestre, Ano, status) VALUES ('RA020', 'M1009', '2023-2', 2023, 'Inativo');
INSERT INTO Leciona (RA_Prof, materia_id, Semestre, Ano, status) VALUES ('RA005', 'M1007', '2023-2', 2023, 'Inativo');
INSERT INTO Leciona (RA_Prof, materia_id, Semestre, Ano, status) VALUES ('RA024', 'M1013', '2023-2', 2023, 'Inativo');
INSERT INTO Leciona (RA_Prof, materia_id, Semestre, Ano, status) VALUES ('RA006', 'M1015', '2023-2', 2023, 'Inativo');
INSERT INTO Leciona (RA_Prof, materia_id, Semestre, Ano, status) VALUES ('RA002', 'M1005', '2023-1', 2023, 'Inativo');
INSERT INTO Leciona (RA_Prof, materia_id, Semestre, Ano, status) VALUES ('RA017', 'M1001', '2023-2', 2023, 'Inativo');
INSERT INTO Leciona (RA_Prof, materia_id, Semestre, Ano, status) VALUES ('RA014', 'M1011', '2023-1', 2023, 'Inativo');
INSERT INTO Leciona (RA_Prof, materia_id, Semestre, Ano, status) VALUES ('RA023', 'M1010', '2023-1', 2023, 'Inativo');
INSERT INTO Leciona (RA_Prof, materia_id, Semestre, Ano, status) VALUES ('RA016', 'M1009', '2023-1', 2023, 'Inativo');
INSERT INTO Leciona (RA_Prof, materia_id, Semestre, Ano, status) VALUES ('RA020', 'M1002', '2023-1', 2023, 'Inativo');
INSERT INTO Leciona (RA_Prof, materia_id, Semestre, Ano, status) VALUES ('RA009', 'M1015', '2023-2', 2023, 'Inativo');
INSERT INTO Leciona (RA_Prof, materia_id, Semestre, Ano, status) VALUES ('RA009', 'M1003', '2023-1', 2023, 'Inativo');
INSERT INTO Leciona (RA_Prof, materia_id, Semestre, Ano, status) VALUES ('RA019', 'M1005', '2023-1', 2023, 'Inativo');
INSERT INTO Leciona (RA_Prof, materia_id, Semestre, Ano, status) VALUES ('RA013', 'M1010', '2023-1', 2023, 'Inativo');
-- Orientador
INSERT INTO Orientador (aluno_ra, prof_ra, grupo_id) VALUES ('A0026', 'RA013', 'G001');
INSERT INTO Orientador (aluno_ra, prof_ra, grupo_id) VALUES ('A0032', 'RA009', 'G002');
INSERT INTO Orientador (aluno_ra, prof_ra, grupo_id) VALUES ('A0067', 'RA009', 'G002');
INSERT INTO Orientador (aluno_ra, prof_ra, grupo_id) VALUES ('A0013', 'RA003', 'G003');
INSERT INTO Orientador (aluno_ra, prof_ra, grupo_id) VALUES ('A0024', 'RA011', 'G004');
INSERT INTO Orientador (aluno_ra, prof_ra, grupo_id) VALUES ('A0051', 'RA011', 'G004');
INSERT INTO Orientador (aluno_ra, prof_ra, grupo_id) VALUES ('A0019', 'RA005', 'G005');
INSERT INTO Orientador (aluno_ra, prof_ra, grupo_id) VALUES ('A0044', 'RA005', 'G005');
INSERT INTO Orientador (aluno_ra, prof_ra, grupo_id) VALUES ('A0086', 'RA005', 'G005');
INSERT INTO Orientador (aluno_ra, prof_ra, grupo_id) VALUES ('A0080', 'RA025', 'G006');
INSERT INTO Orientador (aluno_ra, prof_ra, grupo_id) VALUES ('A0056', 'RA004', 'G007');
INSERT INTO Orientador (aluno_ra, prof_ra, grupo_id) VALUES ('A0069', 'RA004', 'G007');
INSERT INTO Orientador (aluno_ra, prof_ra, grupo_id) VALUES ('A0099', 'RA004', 'G007');
INSERT INTO Orientador (aluno_ra, prof_ra, grupo_id) VALUES ('A0074', 'RA004', 'G007');
INSERT INTO Orientador (aluno_ra, prof_ra, grupo_id) VALUES ('A0025', 'RA018', 'G008');
INSERT INTO Orientador (aluno_ra, prof_ra, grupo_id) VALUES ('A0088', 'RA019', 'G009');
INSERT INTO Orientador (aluno_ra, prof_ra, grupo_id) VALUES ('A0047', 'RA009', 'G010');
INSERT INTO Orientador (aluno_ra, prof_ra, grupo_id) VALUES ('A0046', 'RA009', 'G010');
INSERT INTO Orientador (aluno_ra, prof_ra, grupo_id) VALUES ('A0079', 'RA005', 'G011');
INSERT INTO Orientador (aluno_ra, prof_ra, grupo_id) VALUES ('A0089', 'RA005', 'G011');
INSERT INTO Orientador (aluno_ra, prof_ra, grupo_id) VALUES ('A0084', 'RA024', 'G012');
INSERT INTO Orientador (aluno_ra, prof_ra, grupo_id) VALUES ('A0075', 'RA024', 'G012');
INSERT INTO Orientador (aluno_ra, prof_ra, grupo_id) VALUES ('A0065', 'RA024', 'G012');
INSERT INTO Orientador (aluno_ra, prof_ra, grupo_id) VALUES ('A0018', 'RA024', 'G012');
INSERT INTO Orientador (aluno_ra, prof_ra, grupo_id) VALUES ('A0017', 'RA020', 'G013');
INSERT INTO Orientador (aluno_ra, prof_ra, grupo_id) VALUES ('A0060', 'RA020', 'G013');
INSERT INTO Orientador (aluno_ra, prof_ra, grupo_id) VALUES ('A0096', 'RA020', 'G013');
INSERT INTO Orientador (aluno_ra, prof_ra, grupo_id) VALUES ('A0027', 'RA020', 'G013');
INSERT INTO Orientador (aluno_ra, prof_ra, grupo_id) VALUES ('A0011', 'RA016', 'G014');
INSERT INTO Orientador (aluno_ra, prof_ra, grupo_id) VALUES ('A0004', 'RA016', 'G014');
INSERT INTO Orientador (aluno_ra, prof_ra, grupo_id) VALUES ('A0034', 'RA016', 'G014');
INSERT INTO Orientador (aluno_ra, prof_ra, grupo_id) VALUES ('A0037', 'RA013', 'G015');
INSERT INTO Orientador (aluno_ra, prof_ra, grupo_id) VALUES ('A0036', 'RA013', 'G015');
INSERT INTO Orientador (aluno_ra, prof_ra, grupo_id) VALUES ('A0048', 'RA013', 'G015');
INSERT INTO Orientador (aluno_ra, prof_ra, grupo_id) VALUES ('A0057', 'RA007', 'G016');
INSERT INTO Orientador (aluno_ra, prof_ra, grupo_id) VALUES ('A0100', 'RA007', 'G016');
INSERT INTO Orientador (aluno_ra, prof_ra, grupo_id) VALUES ('A0054', 'RA025', 'G017');
INSERT INTO Orientador (aluno_ra, prof_ra, grupo_id) VALUES ('A0009', 'RA025', 'G017');
INSERT INTO Orientador (aluno_ra, prof_ra, grupo_id) VALUES ('A0008', 'RA025', 'G017');
INSERT INTO Orientador (aluno_ra, prof_ra, grupo_id) VALUES ('A0043', 'RA002', 'G018');
INSERT INTO Orientador (aluno_ra, prof_ra, grupo_id) VALUES ('A0052', 'RA002', 'G018');
INSERT INTO Orientador (aluno_ra, prof_ra, grupo_id) VALUES ('A0045', 'RA019', 'G019');
INSERT INTO Orientador (aluno_ra, prof_ra, grupo_id) VALUES ('A0095', 'RA019', 'G019');
INSERT INTO Orientador (aluno_ra, prof_ra, grupo_id) VALUES ('A0014', 'RA019', 'G019');
INSERT INTO Orientador (aluno_ra, prof_ra, grupo_id) VALUES ('A0063', 'RA021', 'G020');
INSERT INTO Orientador (aluno_ra, prof_ra, grupo_id) VALUES ('A0091', 'RA013', 'G021');
INSERT INTO Orientador (aluno_ra, prof_ra, grupo_id) VALUES ('A0042', 'RA013', 'G021');
INSERT INTO Orientador (aluno_ra, prof_ra, grupo_id) VALUES ('A0035', 'RA019', 'G022');
INSERT INTO Orientador (aluno_ra, prof_ra, grupo_id) VALUES ('A0039', 'RA019', 'G022');
INSERT INTO Orientador (aluno_ra, prof_ra, grupo_id) VALUES ('A0050', 'RA019', 'G022');
INSERT INTO Orientador (aluno_ra, prof_ra, grupo_id) VALUES ('A0094', 'RA018', 'G023');
INSERT INTO Orientador (aluno_ra, prof_ra, grupo_id) VALUES ('A0071', 'RA018', 'G023');
INSERT INTO Orientador (aluno_ra, prof_ra, grupo_id) VALUES ('A0077', 'RA004', 'G024');
INSERT INTO Orientador (aluno_ra, prof_ra, grupo_id) VALUES ('A0033', 'RA004', 'G024');
INSERT INTO Orientador (aluno_ra, prof_ra, grupo_id) VALUES ('A0058', 'RA004', 'G024');
INSERT INTO Orientador (aluno_ra, prof_ra, grupo_id) VALUES ('A0097', 'RA004', 'G024');
INSERT INTO Orientador (aluno_ra, prof_ra, grupo_id) VALUES ('A0068', 'RA017', 'G025');